{
  "baseLanguage": "en",
  "totalLanguages": 7,
  "languages": [
    {
      "language": "English",
      "code": "en",
      "totalKeys": 425,
      "translatedKeys": 425,
      "missingKeys": [],
      "coverage": 100,
      "status": "complete"
    },
    {
      "language": "French",
      "code": "fr",
      "totalKeys": 425,
      "translatedKeys": 364,
      "missingKeys": [
        "app.tryAgainLater",
        "time.recently",
        "memories.feed.ariaLabel",
        "memories.categories.food",
        "memories.categories.culture",
        "memories.categories.adventure",
        "memories.categories.nightlife",
        "memories.categories.nature",
        "memories.categories.art",
        "memories.categories.sports",
        "memories.categories.photography",
        "memories.categories.family",
        "memories.categories.friends",
        "memories.categories.work",
        "memories.categories.milestone",
        "memories.categories.celebration",
        "reactions.like",
        "reactions.love",
        "reactions.haha",
        "reactions.wow",
        "reactions.sad",
        "reactions.angry",
        "reactions.fire",
        "reactions.heartEyes",
        "reactions.thinking",
        "reactions.party",
        "reactions.clap",
        "reactions.mindBlown",
        "reactions.reactions",
        "reactions.reaction",
        "postCreator.hiddenGems",
        "postCreator.hiddenGemsDesc",
        "postCreator.addTags",
        "postCreator.uploadMediaTitle",
        "postCreator.uploadMediaDesc",
        "postCreator.aiEnhance",
        "postCreator.aiEnhancing",
        "postCreator.aiEnhanceDesc",
        "postCreator.visibilityTitle",
        "postCreator.visibilityDesc",
        "postCreator.sharing",
        "postCreator.saveChanges",
        "postCreator.shareMemory",
        "postCreator.writeFirst",
        "postCreator.shareWithCommunity",
        "postCreator.public",
        "postCreator.everyone",
        "postCreator.friends",
        "postCreator.friendsOnly",
        "postCreator.private",
        "postCreator.onlyMe",
        "postCreator.aiUnavailable",
        "postCreator.aiEnhanceFailed",
        "postCreator.aiEnhanced",
        "postCreator.emptyPost",
        "postCreator.emptyPostDesc",
        "postCreator.uploadInProgress",
        "postCreator.uploadInProgressDesc",
        "postCreator.memoryCreated",
        "postCreator.memoryCreatedDesc",
        "postCreator.formatWarning"
      ],
      "coverage": 85.6470588235294,
      "status": "partial"
    },
    {
      "language": "German",
      "code": "de",
      "totalKeys": 425,
      "translatedKeys": 354,
      "missingKeys": [
        "app.tryAgainLater",
        "navigation.menu",
        "time.recently",
        "memories.feed.ariaLabel",
        "memories.categories.food",
        "memories.categories.culture",
        "memories.categories.adventure",
        "memories.categories.nightlife",
        "memories.categories.nature",
        "memories.categories.art",
        "memories.categories.sports",
        "memories.categories.photography",
        "memories.categories.family",
        "memories.categories.friends",
        "memories.categories.work",
        "memories.categories.milestone",
        "memories.categories.celebration",
        "events.attending",
        "events.errorLoading",
        "events.pastEvents",
        "events.noEvents",
        "events.noEventsOwn",
        "events.noEventsOther",
        "reactions.like",
        "reactions.love",
        "reactions.haha",
        "reactions.wow",
        "reactions.sad",
        "reactions.angry",
        "reactions.fire",
        "reactions.heartEyes",
        "reactions.thinking",
        "reactions.party",
        "reactions.clap",
        "reactions.mindBlown",
        "reactions.reactions",
        "reactions.reaction",
        "postCreator.hiddenGems",
        "postCreator.hiddenGemsDesc",
        "postCreator.addTags",
        "postCreator.uploadMediaTitle",
        "postCreator.uploadMediaDesc",
        "postCreator.aiEnhance",
        "postCreator.aiEnhancing",
        "postCreator.aiEnhanceDesc",
        "postCreator.visibilityTitle",
        "postCreator.visibilityDesc",
        "postCreator.sharing",
        "postCreator.saveChanges",
        "postCreator.shareMemory",
        "postCreator.writeFirst",
        "postCreator.shareWithCommunity",
        "postCreator.public",
        "postCreator.everyone",
        "postCreator.friends",
        "postCreator.friendsOnly",
        "postCreator.private",
        "postCreator.onlyMe",
        "postCreator.aiUnavailable",
        "postCreator.aiEnhanceFailed",
        "postCreator.aiEnhanced",
        "postCreator.emptyPost",
        "postCreator.emptyPostDesc",
        "postCreator.uploadInProgress",
        "postCreator.uploadInProgressDesc",
        "postCreator.memoryCreated",
        "postCreator.memoryCreatedDesc",
        "postCreator.formatWarning",
        "community.globalStatistics",
        "community.communities",
        "community.yourCity"
      ],
      "coverage": 83.29411764705881,
      "status": "partial"
    },
    {
      "language": "Spanish",
      "code": "es",
      "totalKeys": 425,
      "translatedKeys": 354,
      "missingKeys": [
        "app.tryAgainLater",
        "navigation.menu",
        "time.recently",
        "memories.feed.ariaLabel",
        "memories.categories.food",
        "memories.categories.culture",
        "memories.categories.adventure",
        "memories.categories.nightlife",
        "memories.categories.nature",
        "memories.categories.art",
        "memories.categories.sports",
        "memories.categories.photography",
        "memories.categories.family",
        "memories.categories.friends",
        "memories.categories.work",
        "memories.categories.milestone",
        "memories.categories.celebration",
        "events.attending",
        "events.errorLoading",
        "events.pastEvents",
        "events.noEvents",
        "events.noEventsOwn",
        "events.noEventsOther",
        "reactions.like",
        "reactions.love",
        "reactions.haha",
        "reactions.wow",
        "reactions.sad",
        "reactions.angry",
        "reactions.fire",
        "reactions.heartEyes",
        "reactions.thinking",
        "reactions.party",
        "reactions.clap",
        "reactions.mindBlown",
        "reactions.reactions",
        "reactions.reaction",
        "postCreator.hiddenGems",
        "postCreator.hiddenGemsDesc",
        "postCreator.addTags",
        "postCreator.uploadMediaTitle",
        "postCreator.uploadMediaDesc",
        "postCreator.aiEnhance",
        "postCreator.aiEnhancing",
        "postCreator.aiEnhanceDesc",
        "postCreator.visibilityTitle",
        "postCreator.visibilityDesc",
        "postCreator.sharing",
        "postCreator.saveChanges",
        "postCreator.shareMemory",
        "postCreator.writeFirst",
        "postCreator.shareWithCommunity",
        "postCreator.public",
        "postCreator.everyone",
        "postCreator.friends",
        "postCreator.friendsOnly",
        "postCreator.private",
        "postCreator.onlyMe",
        "postCreator.aiUnavailable",
        "postCreator.aiEnhanceFailed",
        "postCreator.aiEnhanced",
        "postCreator.emptyPost",
        "postCreator.emptyPostDesc",
        "postCreator.uploadInProgress",
        "postCreator.uploadInProgressDesc",
        "postCreator.memoryCreated",
        "postCreator.memoryCreatedDesc",
        "postCreator.formatWarning",
        "community.globalStatistics",
        "community.communities",
        "community.yourCity"
      ],
      "coverage": 83.29411764705881,
      "status": "partial"
    },
    {
      "language": "Portuguese",
      "code": "pt",
      "totalKeys": 425,
      "translatedKeys": 354,
      "missingKeys": [
        "app.tryAgainLater",
        "navigation.menu",
        "time.recently",
        "memories.feed.ariaLabel",
        "memories.categories.food",
        "memories.categories.culture",
        "memories.categories.adventure",
        "memories.categories.nightlife",
        "memories.categories.nature",
        "memories.categories.art",
        "memories.categories.sports",
        "memories.categories.photography",
        "memories.categories.family",
        "memories.categories.friends",
        "memories.categories.work",
        "memories.categories.milestone",
        "memories.categories.celebration",
        "events.attending",
        "events.errorLoading",
        "events.pastEvents",
        "events.noEvents",
        "events.noEventsOwn",
        "events.noEventsOther",
        "reactions.like",
        "reactions.love",
        "reactions.haha",
        "reactions.wow",
        "reactions.sad",
        "reactions.angry",
        "reactions.fire",
        "reactions.heartEyes",
        "reactions.thinking",
        "reactions.party",
        "reactions.clap",
        "reactions.mindBlown",
        "reactions.reactions",
        "reactions.reaction",
        "postCreator.hiddenGems",
        "postCreator.hiddenGemsDesc",
        "postCreator.addTags",
        "postCreator.uploadMediaTitle",
        "postCreator.uploadMediaDesc",
        "postCreator.aiEnhance",
        "postCreator.aiEnhancing",
        "postCreator.aiEnhanceDesc",
        "postCreator.visibilityTitle",
        "postCreator.visibilityDesc",
        "postCreator.sharing",
        "postCreator.saveChanges",
        "postCreator.shareMemory",
        "postCreator.writeFirst",
        "postCreator.shareWithCommunity",
        "postCreator.public",
        "postCreator.everyone",
        "postCreator.friends",
        "postCreator.friendsOnly",
        "postCreator.private",
        "postCreator.onlyMe",
        "postCreator.aiUnavailable",
        "postCreator.aiEnhanceFailed",
        "postCreator.aiEnhanced",
        "postCreator.emptyPost",
        "postCreator.emptyPostDesc",
        "postCreator.uploadInProgress",
        "postCreator.uploadInProgressDesc",
        "postCreator.memoryCreated",
        "postCreator.memoryCreatedDesc",
        "postCreator.formatWarning",
        "community.globalStatistics",
        "community.communities",
        "community.yourCity"
      ],
      "coverage": 83.29411764705881,
      "status": "partial"
    },
    {
      "language": "Italian",
      "code": "it",
      "totalKeys": 425,
      "translatedKeys": 257,
      "missingKeys": [
        "app.tryAgainLater",
        "navigation.menu",
        "actions.filters",
        "filters.filterByTags",
        "filters.dateRange",
        "filters.from",
        "filters.to",
        "filters.clearDates",
        "filters.filteredBy",
        "filters.tag",
        "filters.tags",
        "time.recently",
        "memories.feed.searchPlaceholder",
        "memories.feed.addTag",
        "memories.feed.allPosts",
        "memories.feed.residence",
        "memories.feed.visitor",
        "memories.feed.friends",
        "memories.feed.filters",
        "memories.feed.filterByTags",
        "memories.feed.comingSoon",
        "memories.feed.clearDates",
        "memories.feed.updatingFeed",
        "memories.feed.post",
        "memories.feed.posts",
        "memories.feed.filteredBy",
        "memories.feed.tag",
        "memories.feed.tags",
        "memories.feed.all",
        "memories.feed.ariaLabel",
        "memories.categories.food",
        "memories.categories.culture",
        "memories.categories.adventure",
        "memories.categories.nightlife",
        "memories.categories.nature",
        "memories.categories.art",
        "memories.categories.sports",
        "memories.categories.photography",
        "memories.categories.family",
        "memories.categories.friends",
        "memories.categories.work",
        "memories.categories.milestone",
        "memories.categories.celebration",
        "memories.actions.postDeleted",
        "memories.actions.postDeletedDesc",
        "memories.actions.reportSubmitted",
        "memories.actions.reportSubmittedDesc",
        "memories.actions.userBlocked",
        "memories.actions.userBlockedDesc",
        "memories.actions.linkCopied",
        "memories.actions.linkCopiedDesc",
        "memories.actions.postSaved",
        "memories.actions.postSavedDesc",
        "memories.actions.deleting",
        "memories.actions.delete",
        "memories.actions.reportReasons.spam",
        "memories.actions.reportReasons.harassment",
        "memories.actions.reportReasons.inappropriate",
        "memories.actions.reportReasons.copyright",
        "memories.actions.reportReasons.violence",
        "memories.actions.reportReasons.hate",
        "memories.actions.reportReasons.other",
        "events.attending",
        "events.errorLoading",
        "events.pastEvents",
        "events.noEvents",
        "events.noEventsOwn",
        "events.noEventsOther",
        "reactions.like",
        "reactions.love",
        "reactions.haha",
        "reactions.wow",
        "reactions.sad",
        "reactions.angry",
        "reactions.fire",
        "reactions.heartEyes",
        "reactions.thinking",
        "reactions.party",
        "reactions.clap",
        "reactions.mindBlown",
        "reactions.reactions",
        "reactions.reaction",
        "postCreator.hiddenGems",
        "postCreator.hiddenGemsDesc",
        "postCreator.addTags",
        "postCreator.uploadMediaTitle",
        "postCreator.uploadMediaDesc",
        "postCreator.aiEnhance",
        "postCreator.aiEnhancing",
        "postCreator.aiEnhanceDesc",
        "postCreator.visibilityTitle",
        "postCreator.visibilityDesc",
        "postCreator.sharing",
        "postCreator.saveChanges",
        "postCreator.shareMemory",
        "postCreator.writeFirst",
        "postCreator.shareWithCommunity",
        "postCreator.public",
        "postCreator.everyone",
        "postCreator.friends",
        "postCreator.friendsOnly",
        "postCreator.private",
        "postCreator.onlyMe",
        "postCreator.aiUnavailable",
        "postCreator.aiEnhanceFailed",
        "postCreator.aiEnhanced",
        "postCreator.emptyPost",
        "postCreator.emptyPostDesc",
        "postCreator.uploadInProgress",
        "postCreator.uploadInProgressDesc",
        "postCreator.memoryCreated",
        "postCreator.memoryCreatedDesc",
        "postCreator.formatWarning",
        "community.globalStatistics",
        "community.communities",
        "community.yourCity",
        "housing.reviews.response_posted_title",
        "housing.reviews.response_posted_desc",
        "housing.reviews.response_failed_title",
        "housing.reviews.response_failed_desc",
        "housing.reviews.response_required_title",
        "housing.reviews.response_required_desc",
        "housing.reviews.guest_review",
        "housing.reviews.host_review",
        "housing.reviews.cleanliness",
        "housing.reviews.communication",
        "housing.reviews.location",
        "housing.reviews.value",
        "housing.reviews.accuracy",
        "housing.reviews.respect",
        "housing.reviews.respect_property",
        "housing.reviews.host_response_label",
        "housing.reviews.guest_response_label",
        "housing.reviews.respond_button",
        "housing.reviews.response_placeholder",
        "housing.reviews.posting",
        "housing.reviews.post_response",
        "housing.reviews.cancel",
        "housing.reviews.submit_success_title",
        "housing.reviews.submit_success_desc",
        "housing.reviews.guest_review_success_desc",
        "housing.reviews.submit_failed_title",
        "housing.reviews.submit_failed_desc",
        "housing.reviews.missing_ratings_title",
        "housing.reviews.missing_ratings_desc",
        "housing.reviews.review_too_short_title",
        "housing.reviews.review_too_short_desc",
        "housing.reviews.rate_your_stay",
        "housing.reviews.rate_your_guest",
        "housing.reviews.overall_experience",
        "housing.reviews.your_review",
        "housing.reviews.review_placeholder",
        "housing.reviews.guest_review_placeholder",
        "housing.reviews.min_characters",
        "housing.reviews.submitting",
        "housing.reviews.submit_review",
        "housing.reviews.would_host_again",
        "housing.reviews.no_reviews",
        "housing.reviews.review",
        "housing.reviews.reviews",
        "housing.reviews.from_verified_guests",
        "housing.listing_detail.guest_reviews",
        "housing.my_bookings.write_review",
        "housing.my_bookings.review_dialog_title",
        "housing.my_bookings.review_dialog_desc",
        "housing.host_bookings.review_guest",
        "housing.host_bookings.review_dialog_title",
        "housing.host_bookings.review_dialog_desc"
      ],
      "coverage": 60.47058823529412,
      "status": "partial"
    },
    {
      "language": "Argentine Spanish",
      "code": "es-AR",
      "totalKeys": 425,
      "translatedKeys": 115,
      "missingKeys": [
        "app.tryAgainLater",
        "navigation.menu",
        "actions.upload",
        "actions.download",
        "actions.copy",
        "actions.paste",
        "actions.select",
        "actions.selectAll",
        "actions.clear",
        "actions.reset",
        "actions.apply",
        "actions.filter",
        "actions.filters",
        "actions.sort",
        "actions.view",
        "actions.viewAll",
        "actions.viewMore",
        "actions.viewLess",
        "actions.expand",
        "actions.collapse",
        "actions.refresh",
        "actions.retry",
        "filters.filterByTags",
        "filters.dateRange",
        "filters.from",
        "filters.to",
        "filters.clearDates",
        "filters.filteredBy",
        "filters.tag",
        "filters.tags",
        "status.online",
        "status.offline",
        "status.away",
        "status.busy",
        "status.active",
        "status.inactive",
        "status.pending",
        "status.approved",
        "status.rejected",
        "status.completed",
        "status.cancelled",
        "status.draft",
        "status.published",
        "status.archived",
        "time.ago",
        "time.recently",
        "validation.required",
        "validation.email",
        "validation.min",
        "validation.max",
        "validation.number",
        "validation.url",
        "validation.date",
        "validation.pattern",
        "validation.unique",
        "validation.passwordMatch",
        "validation.strongPassword",
        "validation.phoneNumber",
        "validation.postalCode",
        "validation.alphanumeric",
        "messages.welcome",
        "messages.loginSuccess",
        "messages.logoutSuccess",
        "messages.saveSuccess",
        "messages.deleteSuccess",
        "messages.updateSuccess",
        "messages.createSuccess",
        "messages.uploadSuccess",
        "messages.copySuccess",
        "messages.shareSuccess",
        "messages.sentSuccess",
        "messages.confirmDelete",
        "messages.confirmLogout",
        "messages.noData",
        "messages.noResults",
        "messages.loading",
        "messages.processing",
        "messages.pleaseWait",
        "errors.generic",
        "errors.network",
        "errors.notFound",
        "errors.unauthorized",
        "errors.forbidden",
        "errors.serverError",
        "errors.timeout",
        "errors.invalidInput",
        "errors.duplicateEntry",
        "errors.fileTooBig",
        "errors.unsupportedFormat",
        "errors.sessionExpired",
        "errors.accountLocked",
        "errors.invalidCredentials",
        "errors.emailNotVerified",
        "errors.tooManyRequests",
        "labels.email",
        "labels.password",
        "labels.username",
        "labels.firstName",
        "labels.lastName",
        "labels.fullName",
        "labels.phone",
        "labels.address",
        "labels.city",
        "labels.state",
        "labels.country",
        "labels.postalCode",
        "labels.bio",
        "labels.website",
        "labels.birthday",
        "labels.gender",
        "labels.language",
        "labels.timezone",
        "labels.currency",
        "placeholder.search",
        "placeholder.email",
        "placeholder.password",
        "placeholder.username",
        "placeholder.firstName",
        "placeholder.lastName",
        "placeholder.phone",
        "placeholder.writeMessage",
        "placeholder.writeComment",
        "placeholder.whatsOnYourMind",
        "placeholder.searchFriends",
        "placeholder.searchEvents",
        "placeholder.searchGroups",
        "units.km",
        "units.mi",
        "units.m",
        "units.ft",
        "units.kg",
        "units.lb",
        "units.celsius",
        "units.fahrenheit",
        "pagination.first",
        "pagination.last",
        "pagination.next",
        "pagination.previous",
        "pagination.page",
        "pagination.of",
        "pagination.showing",
        "pagination.to",
        "pagination.entries",
        "pagination.rowsPerPage",
        "memories.feed.searchPlaceholder",
        "memories.feed.addTag",
        "memories.feed.allPosts",
        "memories.feed.residence",
        "memories.feed.visitor",
        "memories.feed.friends",
        "memories.feed.filters",
        "memories.feed.filterByTags",
        "memories.feed.comingSoon",
        "memories.feed.clearDates",
        "memories.feed.updatingFeed",
        "memories.feed.post",
        "memories.feed.posts",
        "memories.feed.filteredBy",
        "memories.feed.tag",
        "memories.feed.tags",
        "memories.feed.all",
        "memories.feed.ariaLabel",
        "memories.categories.food",
        "memories.categories.culture",
        "memories.categories.adventure",
        "memories.categories.nightlife",
        "memories.categories.nature",
        "memories.categories.art",
        "memories.categories.sports",
        "memories.categories.photography",
        "memories.categories.family",
        "memories.categories.friends",
        "memories.categories.work",
        "memories.categories.milestone",
        "memories.categories.celebration",
        "memories.actions.postDeleted",
        "memories.actions.postDeletedDesc",
        "memories.actions.reportSubmitted",
        "memories.actions.reportSubmittedDesc",
        "memories.actions.userBlocked",
        "memories.actions.userBlockedDesc",
        "memories.actions.linkCopied",
        "memories.actions.linkCopiedDesc",
        "memories.actions.postSaved",
        "memories.actions.postSavedDesc",
        "memories.actions.deleting",
        "memories.actions.delete",
        "memories.actions.reportReasons.spam",
        "memories.actions.reportReasons.harassment",
        "memories.actions.reportReasons.inappropriate",
        "memories.actions.reportReasons.copyright",
        "memories.actions.reportReasons.violence",
        "memories.actions.reportReasons.hate",
        "memories.actions.reportReasons.other",
        "events.attending",
        "events.errorLoading",
        "events.pastEvents",
        "events.noEvents",
        "events.noEventsOwn",
        "events.noEventsOther",
        "reactions.like",
        "reactions.love",
        "reactions.haha",
        "reactions.wow",
        "reactions.sad",
        "reactions.angry",
        "reactions.fire",
        "reactions.heartEyes",
        "reactions.thinking",
        "reactions.party",
        "reactions.clap",
        "reactions.mindBlown",
        "reactions.reactions",
        "reactions.reaction",
        "postCreator.hiddenGems",
        "postCreator.hiddenGemsDesc",
        "postCreator.addTags",
        "postCreator.uploadMediaTitle",
        "postCreator.uploadMediaDesc",
        "postCreator.aiEnhance",
        "postCreator.aiEnhancing",
        "postCreator.aiEnhanceDesc",
        "postCreator.visibilityTitle",
        "postCreator.visibilityDesc",
        "postCreator.sharing",
        "postCreator.saveChanges",
        "postCreator.shareMemory",
        "postCreator.writeFirst",
        "postCreator.shareWithCommunity",
        "postCreator.public",
        "postCreator.everyone",
        "postCreator.friends",
        "postCreator.friendsOnly",
        "postCreator.private",
        "postCreator.onlyMe",
        "postCreator.aiUnavailable",
        "postCreator.aiEnhanceFailed",
        "postCreator.aiEnhanced",
        "postCreator.emptyPost",
        "postCreator.emptyPostDesc",
        "postCreator.uploadInProgress",
        "postCreator.uploadInProgressDesc",
        "postCreator.memoryCreated",
        "postCreator.memoryCreatedDesc",
        "postCreator.formatWarning",
        "search.searching",
        "search.posts",
        "search.events",
        "search.groups",
        "search.users",
        "search.noResults",
        "community.globalStatistics",
        "community.globalDancers",
        "community.activeEvents",
        "community.totalGroups",
        "community.communities",
        "community.yourCity",
        "community.globalCommunity",
        "housing.reviews.response_posted_title",
        "housing.reviews.response_posted_desc",
        "housing.reviews.response_failed_title",
        "housing.reviews.response_failed_desc",
        "housing.reviews.response_required_title",
        "housing.reviews.response_required_desc",
        "housing.reviews.guest_review",
        "housing.reviews.host_review",
        "housing.reviews.cleanliness",
        "housing.reviews.communication",
        "housing.reviews.location",
        "housing.reviews.value",
        "housing.reviews.accuracy",
        "housing.reviews.respect",
        "housing.reviews.respect_property",
        "housing.reviews.host_response_label",
        "housing.reviews.guest_response_label",
        "housing.reviews.respond_button",
        "housing.reviews.response_placeholder",
        "housing.reviews.posting",
        "housing.reviews.post_response",
        "housing.reviews.cancel",
        "housing.reviews.submit_success_title",
        "housing.reviews.submit_success_desc",
        "housing.reviews.guest_review_success_desc",
        "housing.reviews.submit_failed_title",
        "housing.reviews.submit_failed_desc",
        "housing.reviews.missing_ratings_title",
        "housing.reviews.missing_ratings_desc",
        "housing.reviews.review_too_short_title",
        "housing.reviews.review_too_short_desc",
        "housing.reviews.rate_your_stay",
        "housing.reviews.rate_your_guest",
        "housing.reviews.overall_experience",
        "housing.reviews.your_review",
        "housing.reviews.review_placeholder",
        "housing.reviews.guest_review_placeholder",
        "housing.reviews.min_characters",
        "housing.reviews.submitting",
        "housing.reviews.submit_review",
        "housing.reviews.would_host_again",
        "housing.reviews.no_reviews",
        "housing.reviews.review",
        "housing.reviews.reviews",
        "housing.reviews.from_verified_guests",
        "housing.listing_detail.guest_reviews",
        "housing.my_bookings.write_review",
        "housing.my_bookings.review_dialog_title",
        "housing.my_bookings.review_dialog_desc",
        "housing.host_bookings.review_guest",
        "housing.host_bookings.review_dialog_title",
        "housing.host_bookings.review_dialog_desc"
      ],
      "coverage": 27.058823529411764,
      "status": "partial"
    }
  ],
  "summary": {
    "complete": 1,
    "partial": 6,
    "missing": 0,
    "avgCoverage": 74.72268907563023
  },
  "timestamp": "2025-10-09T08:14:44.922Z"
}