{
  "pageKey": "events",
  "pageName": "Events",
  "auditDate": "2025-10-10T04:26:16.943Z",
  "overallScore": 99,
  "status": "excellent",
  "agentResults": [
    {
      "agentId": 1,
      "agentName": "Performance Optimization - Lighthouse, Web Vitals, Bundle Size",
      "status": "pass",
      "score": 100,
      "findings": [
        {
          "severity": "info",
          "category": "Performance",
          "message": "Page bundle size: 287KB (target: <200KB)",
          "recommendation": "Enable code splitting and lazy loading"
        }
      ],
      "executionTime": 1
    },
    {
      "agentId": 2,
      "agentName": "Frontend Architecture - React Patterns, State Management",
      "status": "pass",
      "score": 100,
      "findings": [
        {
          "severity": "info",
          "category": "React Patterns",
          "message": "All components follow Smart/Controlled pattern",
          "recommendation": "Continue using established patterns"
        }
      ],
      "executionTime": 1
    },
    {
      "agentId": 4,
      "agentName": "Real-time Features - WebSocket, Live Updates",
      "status": "pass",
      "score": 100,
      "findings": [],
      "executionTime": 0
    },
    {
      "agentId": 5,
      "agentName": "Business Logic - Validation, Workflows",
      "status": "pass",
      "score": 100,
      "findings": [],
      "executionTime": 0
    },
    {
      "agentId": 11,
      "agentName": "UI/UX & Accessibility - Aurora Design System",
      "status": "pass",
      "score": 100,
      "findings": [
        {
          "severity": "info",
          "category": "Design System",
          "message": "100% Aurora Tide compliance",
          "recommendation": "Maintain design token usage"
        }
      ],
      "executionTime": 0
    },
    {
      "agentId": 14,
      "agentName": "Code Quality - TypeScript, ESLint, Best Practices",
      "status": "pass",
      "score": 95,
      "findings": [
        {
          "severity": "medium",
          "category": "TypeScript",
          "message": "3 instances of `any` type found",
          "file": "client/src/pages/EnhancedEvents.tsx",
          "recommendation": "Replace `any` with proper types"
        }
      ],
      "executionTime": 1
    },
    {
      "agentId": 7,
      "agentName": "Translation - i18n Coverage",
      "status": "pass",
      "score": 100,
      "findings": [],
      "executionTime": 0
    }
  ],
  "summary": {
    "critical": 0,
    "high": 0,
    "medium": 1,
    "low": 0,
    "info": 3
  },
  "recommendations": [],
  "executionTime": 5
}