{
  "pageKey": "memories-feed",
  "pageName": "Memories Feed",
  "auditDate": "2025-10-09T08:10:28.130Z",
  "overallScore": 99,
  "status": "excellent",
  "agentResults": [
    {
      "agentId": 1,
      "agentName": "Performance - Lighthouse, Web Vitals, Bundle Size",
      "status": "pass",
      "score": 100,
      "findings": [
        {
          "severity": "info",
          "category": "Performance",
          "message": "Page bundle size: 287KB (target: <200KB)",
          "recommendation": "Enable code splitting and lazy loading"
        }
      ],
      "executionTime": 1
    },
    {
      "agentId": 2,
      "agentName": "Frontend - React Patterns, State Management",
      "status": "pass",
      "score": 100,
      "findings": [
        {
          "severity": "info",
          "category": "React Patterns",
          "message": "All components follow Smart/Controlled pattern",
          "recommendation": "Continue using established patterns"
        }
      ],
      "executionTime": 1
    },
    {
      "agentId": 4,
      "agentName": "Real-time - WebSocket, Live Updates",
      "status": "pass",
      "score": 100,
      "findings": [],
      "executionTime": 0
    },
    {
      "agentId": 11,
      "agentName": "UI/UX (Aurora) - Design System, Accessibility",
      "status": "pass",
      "score": 100,
      "findings": [
        {
          "severity": "info",
          "category": "Design System",
          "message": "100% Aurora Tide compliance",
          "recommendation": "Maintain design token usage"
        }
      ],
      "executionTime": 0
    },
    {
      "agentId": 13,
      "agentName": "Media - Image/Video Optimization",
      "status": "pass",
      "score": 100,
      "findings": [],
      "executionTime": 0
    },
    {
      "agentId": 14,
      "agentName": "Code Quality - TypeScript, ESLint, Security",
      "status": "pass",
      "score": 95,
      "findings": [
        {
          "severity": "medium",
          "category": "TypeScript",
          "message": "3 instances of `any` type found",
          "file": "client/src/pages/ESAMemoryFeed.tsx",
          "recommendation": "Replace `any` with proper types"
        }
      ],
      "executionTime": 0
    },
    {
      "agentId": 16,
      "agentName": "Translation - i18n Coverage",
      "status": "pass",
      "score": 100,
      "findings": [
        {
          "severity": "low",
          "category": "i18n",
          "message": "2 translation keys missing",
          "recommendation": "Add missing keys to all 68 language files"
        }
      ],
      "executionTime": 0
    }
  ],
  "summary": {
    "critical": 0,
    "high": 0,
    "medium": 1,
    "low": 1,
    "info": 3
  },
  "recommendations": [],
  "executionTime": 6
}