{
  "pageKey": "memories-feed",
  "pageName": "Memories Feed",
  "auditDate": "2025-10-10T05:14:18.921Z",
  "overallScore": 99,
  "status": "excellent",
  "agentResults": [
    {
      "agentId": 0,
      "agentName": "Phase 0: Documentation Review - Check Existing Patterns First",
      "status": "pass",
      "score": 100,
      "findings": [
        {
          "severity": "info",
          "category": "Documentation",
          "message": "Custom implementations found - verify no existing solution",
          "recommendation": "Search codebase for similar patterns before creating new"
        }
      ],
      "executionTime": 5
    },
    {
      "agentId": 1,
      "agentName": "Performance Optimization - Lighthouse, Web Vitals, Bundle Size",
      "status": "pass",
      "score": 100,
      "findings": [
        {
          "severity": "info",
          "category": "Performance",
          "message": "Performance check complete",
          "recommendation": "Run Lighthouse audit for detailed metrics"
        }
      ],
      "executionTime": 5
    },
    {
      "agentId": 2,
      "agentName": "Frontend Architecture - React Patterns, State Management",
      "status": "pass",
      "score": 95,
      "findings": [
        {
          "severity": "medium",
          "category": "TypeScript",
          "message": "2 instances of 'any' type found",
          "file": "client/src/pages/ESAMemoryFeed.tsx",
          "recommendation": "Replace with proper types from @shared/schema.ts"
        }
      ],
      "executionTime": 5
    },
    {
      "agentId": 3,
      "agentName": "Background Jobs - Job Queues, Async Tasks",
      "status": "pass",
      "score": 100,
      "findings": [],
      "executionTime": 6
    },
    {
      "agentId": 4,
      "agentName": "Real-time Features - WebSocket, Live Updates",
      "status": "pass",
      "score": 100,
      "findings": [
        {
          "severity": "low",
          "category": "Real-time",
          "message": "No real-time updates found for social page",
          "recommendation": "Consider adding polling or WebSocket for live updates"
        }
      ],
      "executionTime": 5
    },
    {
      "agentId": 5,
      "agentName": "Business Logic - Validation, Workflows",
      "status": "pass",
      "score": 100,
      "findings": [],
      "executionTime": 7
    },
    {
      "agentId": 6,
      "agentName": "Search & Analytics - Elasticsearch, Insights",
      "status": "pass",
      "score": 100,
      "findings": [
        {
          "severity": "low",
          "category": "Search",
          "message": "Search without debouncing",
          "recommendation": "Use debounce (300ms) for search input"
        }
      ],
      "executionTime": 7
    },
    {
      "agentId": 7,
      "agentName": "Platform Orchestration - Error Boundaries, Resilience",
      "status": "pass",
      "score": 100,
      "findings": [],
      "executionTime": 7
    },
    {
      "agentId": 8,
      "agentName": "Platform Management - Health Monitoring",
      "status": "pass",
      "score": 100,
      "findings": [],
      "executionTime": 7
    },
    {
      "agentId": 9,
      "agentName": "Platform Enhancement - Feature Optimization",
      "status": "pass",
      "score": 100,
      "findings": [],
      "executionTime": 7
    },
    {
      "agentId": 10,
      "agentName": "AI Research - OpenAI Integration, Cost Optimization",
      "status": "pass",
      "score": 100,
      "findings": [
        {
          "severity": "info",
          "category": "AI",
          "message": "AI integration detected",
          "recommendation": "Ensure proper error handling and fallback"
        }
      ],
      "executionTime": 4
    },
    {
      "agentId": 11,
      "agentName": "UI/UX & Accessibility - Aurora Design System",
      "status": "pass",
      "score": 100,
      "findings": [],
      "executionTime": 3
    },
    {
      "agentId": 12,
      "agentName": "Data Visualization - Charts, Graphs, Analytics",
      "status": "pass",
      "score": 100,
      "findings": [],
      "executionTime": 4
    },
    {
      "agentId": 13,
      "agentName": "Media Optimization - Image/Video Processing",
      "status": "pass",
      "score": 100,
      "findings": [
        {
          "severity": "low",
          "category": "Media",
          "message": "Images without lazy loading",
          "recommendation": "Add loading=\"lazy\" to images"
        }
      ],
      "executionTime": 3
    },
    {
      "agentId": 14,
      "agentName": "Code Quality - TypeScript, ESLint, Best Practices",
      "status": "pass",
      "score": 100,
      "findings": [
        {
          "severity": "low",
          "category": "Code Quality",
          "message": "6 console.log statements found",
          "recommendation": "Remove debug logs before production"
        }
      ],
      "executionTime": 4
    },
    {
      "agentId": 15,
      "agentName": "Dependency Health - npm audit, Package Security",
      "status": "pass",
      "score": 100,
      "findings": [
        {
          "severity": "info",
          "category": "Dependencies",
          "message": "Uses 4 external packages",
          "recommendation": "Run npm audit to check for vulnerabilities"
        }
      ],
      "executionTime": 4
    },
    {
      "agentId": 16,
      "agentName": "API Contract Validation - FE/BE Type Matching",
      "status": "pass",
      "score": 100,
      "findings": [
        {
          "severity": "info",
          "category": "API",
          "message": "Found 9 API endpoint calls",
          "recommendation": "Verify all endpoints exist in server/routes.ts"
        }
      ],
      "executionTime": 4
    },
    {
      "agentId": 17,
      "agentName": "Cross-Page Consistency - Pattern Uniformity",
      "status": "pass",
      "score": 100,
      "findings": [
        {
          "severity": "info",
          "category": "Consistency",
          "message": "Pattern consistency check",
          "recommendation": "Compare with events (99/100) and memories (91/100) pages"
        }
      ],
      "executionTime": 3
    },
    {
      "agentId": 18,
      "agentName": "User Flow Validation - Critical Paths Testing",
      "status": "pass",
      "score": 95,
      "findings": [
        {
          "severity": "medium",
          "category": "User Flow",
          "message": "Missing loading state",
          "recommendation": "Show skeleton/spinner while loading"
        }
      ],
      "executionTime": 4
    },
    {
      "agentId": 19,
      "agentName": "Security Deep Dive - XSS, CSRF, Data Protection",
      "status": "pass",
      "score": 100,
      "findings": [],
      "executionTime": 3
    },
    {
      "agentId": 20,
      "agentName": "Performance Budget - Bundle Size, Load Time Targets",
      "status": "pass",
      "score": 100,
      "findings": [],
      "executionTime": 3
    },
    {
      "agentId": 21,
      "agentName": "Technical Debt Score - TODOs, Code Quality Metrics",
      "status": "pass",
      "score": 100,
      "findings": [
        {
          "severity": "info",
          "category": "Technical Debt",
          "message": "Low debt score: 12",
          "recommendation": "Maintain code quality"
        }
      ],
      "executionTime": 3
    },
    {
      "agentId": 22,
      "agentName": "Internationalization Coverage - 68-Language Support",
      "status": "warn",
      "score": 90,
      "findings": [
        {
          "severity": "high",
          "category": "i18n",
          "message": "Hardcoded text detected",
          "recommendation": "Replace all text with translation keys"
        }
      ],
      "executionTime": 3
    }
  ],
  "summary": {
    "critical": 0,
    "high": 1,
    "medium": 2,
    "low": 4,
    "info": 7
  },
  "recommendations": [
    "🟡 HIGH: Address 1 high-priority issues"
  ],
  "executionTime": 29
}