{
  "epics": [
    {
      "expand": "renderedFields,names,schema,operations,editmeta,changelog,versionedRepresentations",
      "id": "10004",
      "self": "https://mundotango.atlassian.net/rest/api/3/issue/10004",
      "key": "MUN-5",
      "fields": {
        "summary": "EPIC 5: Hybrid Blitz Execution",
        "issuetype": {
          "self": "https://mundotango.atlassian.net/rest/api/3/issuetype/10000",
          "id": "10000",
          "description": "A big user story that needs to be broken down. Created by Jira Software - do not edit or delete.",
          "iconUrl": "https://mundotango.atlassian.net/images/icons/issuetypes/epic.svg",
          "name": "Epic",
          "subtask": false,
          "hierarchyLevel": 1
        },
        "created": "2025-10-10T20:11:58.889-0300",
        "description": {
          "type": "doc",
          "version": 1,
          "content": [
            {
              "type": "paragraph",
              "content": [
                {
                  "type": "text",
                  "text": "Deploy 7 squads in parallel to remediate 314 issues across 97 pages.\n\n**Status:** READY TO START\n**Agent Lead:** Agent #0 (ESA Orchestrator) + Agent #62 (Resume AI)\n\n**Target Impact:**\n- 314 issues → <50 (84% reduction)\n- Data-testid: 37% → 95%\n- ARIA: 43% → 90%\n- Error Boundaries: 5% → 100%\n- SEO: 6% → 95%\n\n**Timeline:** Week 4-6 (awaiting human approval)"
                }
              ]
            }
          ]
        },
        "reporter": {
          "self": "https://mundotango.atlassian.net/rest/api/3/user?accountId=712020%3A9d05ddb6-6c02-4556-9338-4091c9755e09",
          "accountId": "712020:9d05ddb6-6c02-4556-9338-4091c9755e09",
          "emailAddress": "admin@mundotango.life",
          "avatarUrls": {
            "48x48": "https://secure.gravatar.com/avatar/97af410a5e57e70c7b228e9b3eecd9fa?d=https%3A%2F%2Favatar-management--avatars.us-west-2.prod.public.atl-paas.net%2Finitials%2FAM-4.png",
            "24x24": "https://secure.gravatar.com/avatar/97af410a5e57e70c7b228e9b3eecd9fa?d=https%3A%2F%2Favatar-management--avatars.us-west-2.prod.public.atl-paas.net%2Finitials%2FAM-4.png",
            "16x16": "https://secure.gravatar.com/avatar/97af410a5e57e70c7b228e9b3eecd9fa?d=https%3A%2F%2Favatar-management--avatars.us-west-2.prod.public.atl-paas.net%2Finitials%2FAM-4.png",
            "32x32": "https://secure.gravatar.com/avatar/97af410a5e57e70c7b228e9b3eecd9fa?d=https%3A%2F%2Favatar-management--avatars.us-west-2.prod.public.atl-paas.net%2Finitials%2FAM-4.png"
          },
          "displayName": "admin mundotango",
          "active": true,
          "timeZone": "America/Buenos_Aires",
          "accountType": "atlassian"
        },
        "assignee": null,
        "priority": {
          "self": "https://mundotango.atlassian.net/rest/api/3/priority/3",
          "iconUrl": "https://mundotango.atlassian.net/images/icons/priorities/medium_new.svg",
          "name": "Medium",
          "id": "3"
        },
        "updated": "2025-10-10T20:11:58.968-0300",
        "status": {
          "self": "https://mundotango.atlassian.net/rest/api/3/status/10002",
          "description": "",
          "iconUrl": "https://mundotango.atlassian.net/images/icons/status_generic.gif",
          "name": "To Do",
          "id": "10002",
          "statusCategory": {
            "self": "https://mundotango.atlassian.net/rest/api/3/statuscategory/2",
            "id": 2,
            "key": "new",
            "colorName": "blue-gray",
            "name": "To Do"
          }
        },
        "labels": []
      }
    },
    {
      "expand": "renderedFields,names,schema,operations,editmeta,changelog,versionedRepresentations",
      "id": "10003",
      "self": "https://mundotango.atlassian.net/rest/api/3/issue/10003",
      "key": "MUN-4",
      "fields": {
        "summary": "EPIC 4: Squad Formation & Training",
        "issuetype": {
          "self": "https://mundotango.atlassian.net/rest/api/3/issuetype/10000",
          "id": "10000",
          "description": "A big user story that needs to be broken down. Created by Jira Software - do not edit or delete.",
          "iconUrl": "https://mundotango.atlassian.net/images/icons/issuetypes/epic.svg",
          "name": "Epic",
          "subtask": false,
          "hierarchyLevel": 1
        },
        "created": "2025-10-10T20:11:58.077-0300",
        "description": {
          "type": "doc",
          "version": 1,
          "content": [
            {
              "type": "paragraph",
              "content": [
                {
                  "type": "text",
                  "text": "Form 7 mentor squads with 14 certified agents ready for parallel execution.\n\n**Status:** COMPLETE ✅\n**Completed:** October 10, 2025\n**Agent Lead:** Division Chief #5 + All Domain Coordinators\n\n**Squads:**\n1. Resilience (92 pages) - Agents 7+15\n2. SEO (91 pages) - Agents 55+54\n3. Testing (61 pages) - Agents 53+14\n4. Accessibility (55 pages) - Agents 51+11\n5. Design (14 pages) - Agents 11+2\n6. Performance (97 pages) - Agents 1+6\n7. Security (97 pages) - Agents 5+12"
                }
              ]
            }
          ]
        },
        "reporter": {
          "self": "https://mundotango.atlassian.net/rest/api/3/user?accountId=712020%3A9d05ddb6-6c02-4556-9338-4091c9755e09",
          "accountId": "712020:9d05ddb6-6c02-4556-9338-4091c9755e09",
          "emailAddress": "admin@mundotango.life",
          "avatarUrls": {
            "48x48": "https://secure.gravatar.com/avatar/97af410a5e57e70c7b228e9b3eecd9fa?d=https%3A%2F%2Favatar-management--avatars.us-west-2.prod.public.atl-paas.net%2Finitials%2FAM-4.png",
            "24x24": "https://secure.gravatar.com/avatar/97af410a5e57e70c7b228e9b3eecd9fa?d=https%3A%2F%2Favatar-management--avatars.us-west-2.prod.public.atl-paas.net%2Finitials%2FAM-4.png",
            "16x16": "https://secure.gravatar.com/avatar/97af410a5e57e70c7b228e9b3eecd9fa?d=https%3A%2F%2Favatar-management--avatars.us-west-2.prod.public.atl-paas.net%2Finitials%2FAM-4.png",
            "32x32": "https://secure.gravatar.com/avatar/97af410a5e57e70c7b228e9b3eecd9fa?d=https%3A%2F%2Favatar-management--avatars.us-west-2.prod.public.atl-paas.net%2Finitials%2FAM-4.png"
          },
          "displayName": "admin mundotango",
          "active": true,
          "timeZone": "America/Buenos_Aires",
          "accountType": "atlassian"
        },
        "assignee": null,
        "priority": {
          "self": "https://mundotango.atlassian.net/rest/api/3/priority/3",
          "iconUrl": "https://mundotango.atlassian.net/images/icons/priorities/medium_new.svg",
          "name": "Medium",
          "id": "3"
        },
        "updated": "2025-10-10T20:11:58.146-0300",
        "status": {
          "self": "https://mundotango.atlassian.net/rest/api/3/status/10002",
          "description": "",
          "iconUrl": "https://mundotango.atlassian.net/images/icons/status_generic.gif",
          "name": "To Do",
          "id": "10002",
          "statusCategory": {
            "self": "https://mundotango.atlassian.net/rest/api/3/statuscategory/2",
            "id": 2,
            "key": "new",
            "colorName": "blue-gray",
            "name": "To Do"
          }
        },
        "labels": []
      }
    },
    {
      "expand": "renderedFields,names,schema,operations,editmeta,changelog,versionedRepresentations",
      "id": "10002",
      "self": "https://mundotango.atlassian.net/rest/api/3/issue/10002",
      "key": "MUN-3",
      "fields": {
        "summary": "EPIC 3: Baseline Audit & Discovery",
        "issuetype": {
          "self": "https://mundotango.atlassian.net/rest/api/3/issuetype/10000",
          "id": "10000",
          "description": "A big user story that needs to be broken down. Created by Jira Software - do not edit or delete.",
          "iconUrl": "https://mundotango.atlassian.net/images/icons/issuetypes/epic.svg",
          "name": "Epic",
          "subtask": false,
          "hierarchyLevel": 1
        },
        "created": "2025-10-10T20:11:57.162-0300",
        "description": {
          "type": "doc",
          "version": 1,
          "content": [
            {
              "type": "paragraph",
              "content": [
                {
                  "type": "text",
                  "text": "Comprehensive audit of 97 production pages discovering 314 issues with priority matrix.\n\n**Status:** COMPLETE ✅\n**Completed:** October 10, 2025\n**Agent Lead:** Chief #5 (Platform) + Agent #59 (Open Source Management)\n\n**Issues:** 314 total (0 critical, 116 high, 92 medium, 106 low)\n**Coverage Gaps:** Data-testid 37%, ARIA 43%, Error Boundaries 5%, SEO 6%"
                }
              ]
            }
          ]
        },
        "reporter": {
          "self": "https://mundotango.atlassian.net/rest/api/3/user?accountId=712020%3A9d05ddb6-6c02-4556-9338-4091c9755e09",
          "accountId": "712020:9d05ddb6-6c02-4556-9338-4091c9755e09",
          "emailAddress": "admin@mundotango.life",
          "avatarUrls": {
            "48x48": "https://secure.gravatar.com/avatar/97af410a5e57e70c7b228e9b3eecd9fa?d=https%3A%2F%2Favatar-management--avatars.us-west-2.prod.public.atl-paas.net%2Finitials%2FAM-4.png",
            "24x24": "https://secure.gravatar.com/avatar/97af410a5e57e70c7b228e9b3eecd9fa?d=https%3A%2F%2Favatar-management--avatars.us-west-2.prod.public.atl-paas.net%2Finitials%2FAM-4.png",
            "16x16": "https://secure.gravatar.com/avatar/97af410a5e57e70c7b228e9b3eecd9fa?d=https%3A%2F%2Favatar-management--avatars.us-west-2.prod.public.atl-paas.net%2Finitials%2FAM-4.png",
            "32x32": "https://secure.gravatar.com/avatar/97af410a5e57e70c7b228e9b3eecd9fa?d=https%3A%2F%2Favatar-management--avatars.us-west-2.prod.public.atl-paas.net%2Finitials%2FAM-4.png"
          },
          "displayName": "admin mundotango",
          "active": true,
          "timeZone": "America/Buenos_Aires",
          "accountType": "atlassian"
        },
        "assignee": null,
        "priority": {
          "self": "https://mundotango.atlassian.net/rest/api/3/priority/3",
          "iconUrl": "https://mundotango.atlassian.net/images/icons/priorities/medium_new.svg",
          "name": "Medium",
          "id": "3"
        },
        "updated": "2025-10-10T20:11:57.250-0300",
        "status": {
          "self": "https://mundotango.atlassian.net/rest/api/3/status/10002",
          "description": "",
          "iconUrl": "https://mundotango.atlassian.net/images/icons/status_generic.gif",
          "name": "To Do",
          "id": "10002",
          "statusCategory": {
            "self": "https://mundotango.atlassian.net/rest/api/3/statuscategory/2",
            "id": 2,
            "key": "new",
            "colorName": "blue-gray",
            "name": "To Do"
          }
        },
        "labels": []
      }
    },
    {
      "expand": "renderedFields,names,schema,operations,editmeta,changelog,versionedRepresentations",
      "id": "10001",
      "self": "https://mundotango.atlassian.net/rest/api/3/issue/10001",
      "key": "MUN-2",
      "fields": {
        "summary": "EPIC 2: Technical Infrastructure",
        "issuetype": {
          "self": "https://mundotango.atlassian.net/rest/api/3/issuetype/10000",
          "id": "10000",
          "description": "A big user story that needs to be broken down. Created by Jira Software - do not edit or delete.",
          "iconUrl": "https://mundotango.atlassian.net/images/icons/issuetypes/epic.svg",
          "name": "Epic",
          "subtask": false,
          "hierarchyLevel": 1
        },
        "created": "2025-10-10T20:11:56.162-0300",
        "description": {
          "type": "doc",
          "version": 1,
          "content": [
            {
              "type": "paragraph",
              "content": [
                {
                  "type": "text",
                  "text": "Build LangGraph orchestration and BullMQ task coordination for 100-agent ESA hierarchy.\n\n**Status:** COMPLETE ✅\n**Completed:** October 10, 2025\n**Agent Lead:** Division Chief #1 (Foundation) + Chief #6 (Extended)\n\n**Stories:**\n- LangGraph Agent Orchestration (100-agent graph)\n- BullMQ Task Coordination (6 queues, graceful shutdown)"
                }
              ]
            }
          ]
        },
        "reporter": {
          "self": "https://mundotango.atlassian.net/rest/api/3/user?accountId=712020%3A9d05ddb6-6c02-4556-9338-4091c9755e09",
          "accountId": "712020:9d05ddb6-6c02-4556-9338-4091c9755e09",
          "emailAddress": "admin@mundotango.life",
          "avatarUrls": {
            "48x48": "https://secure.gravatar.com/avatar/97af410a5e57e70c7b228e9b3eecd9fa?d=https%3A%2F%2Favatar-management--avatars.us-west-2.prod.public.atl-paas.net%2Finitials%2FAM-4.png",
            "24x24": "https://secure.gravatar.com/avatar/97af410a5e57e70c7b228e9b3eecd9fa?d=https%3A%2F%2Favatar-management--avatars.us-west-2.prod.public.atl-paas.net%2Finitials%2FAM-4.png",
            "16x16": "https://secure.gravatar.com/avatar/97af410a5e57e70c7b228e9b3eecd9fa?d=https%3A%2F%2Favatar-management--avatars.us-west-2.prod.public.atl-paas.net%2Finitials%2FAM-4.png",
            "32x32": "https://secure.gravatar.com/avatar/97af410a5e57e70c7b228e9b3eecd9fa?d=https%3A%2F%2Favatar-management--avatars.us-west-2.prod.public.atl-paas.net%2Finitials%2FAM-4.png"
          },
          "displayName": "admin mundotango",
          "active": true,
          "timeZone": "America/Buenos_Aires",
          "accountType": "atlassian"
        },
        "assignee": null,
        "priority": {
          "self": "https://mundotango.atlassian.net/rest/api/3/priority/3",
          "iconUrl": "https://mundotango.atlassian.net/images/icons/priorities/medium_new.svg",
          "name": "Medium",
          "id": "3"
        },
        "updated": "2025-10-10T20:11:56.248-0300",
        "status": {
          "self": "https://mundotango.atlassian.net/rest/api/3/status/10002",
          "description": "",
          "iconUrl": "https://mundotango.atlassian.net/images/icons/status_generic.gif",
          "name": "To Do",
          "id": "10002",
          "statusCategory": {
            "self": "https://mundotango.atlassian.net/rest/api/3/statuscategory/2",
            "id": 2,
            "key": "new",
            "colorName": "blue-gray",
            "name": "To Do"
          }
        },
        "labels": []
      }
    },
    {
      "expand": "renderedFields,names,schema,operations,editmeta,changelog,versionedRepresentations",
      "id": "10000",
      "self": "https://mundotango.atlassian.net/rest/api/3/issue/10000",
      "key": "MUN-1",
      "fields": {
        "summary": "EPIC 1: Documentation Infrastructure",
        "issuetype": {
          "self": "https://mundotango.atlassian.net/rest/api/3/issuetype/10000",
          "id": "10000",
          "description": "A big user story that needs to be broken down. Created by Jira Software - do not edit or delete.",
          "iconUrl": "https://mundotango.atlassian.net/images/icons/issuetypes/epic.svg",
          "name": "Epic",
          "subtask": false,
          "hierarchyLevel": 1
        },
        "created": "2025-10-10T20:11:54.966-0300",
        "description": {
          "type": "doc",
          "version": 1,
          "content": [
            {
              "type": "paragraph",
              "content": [
                {
                  "type": "text",
                  "text": "Complete documentation for ESA 61x21 framework including hierarchical mentorship model, Resume AI integration, and A2A performance tracking.\n        \n**Status:** COMPLETE ✅\n**Completed:** October 10, 2025\n**Agent Lead:** Division Chief #5 (Platform) + Expert #15 (DevEx)\n\n**Stories:**\n- Hierarchical Mentorship Model (ESA_NEW_AGENT_GUIDE.md)\n- Resume AI Integration (esa.md + ESA_AGENT_RESUME_AI.md)\n- A2A Performance Tracking (ESA_AGENT_A2A_PROTOCOL.md)"
                }
              ]
            }
          ]
        },
        "reporter": {
          "self": "https://mundotango.atlassian.net/rest/api/3/user?accountId=712020%3A9d05ddb6-6c02-4556-9338-4091c9755e09",
          "accountId": "712020:9d05ddb6-6c02-4556-9338-4091c9755e09",
          "emailAddress": "admin@mundotango.life",
          "avatarUrls": {
            "48x48": "https://secure.gravatar.com/avatar/97af410a5e57e70c7b228e9b3eecd9fa?d=https%3A%2F%2Favatar-management--avatars.us-west-2.prod.public.atl-paas.net%2Finitials%2FAM-4.png",
            "24x24": "https://secure.gravatar.com/avatar/97af410a5e57e70c7b228e9b3eecd9fa?d=https%3A%2F%2Favatar-management--avatars.us-west-2.prod.public.atl-paas.net%2Finitials%2FAM-4.png",
            "16x16": "https://secure.gravatar.com/avatar/97af410a5e57e70c7b228e9b3eecd9fa?d=https%3A%2F%2Favatar-management--avatars.us-west-2.prod.public.atl-paas.net%2Finitials%2FAM-4.png",
            "32x32": "https://secure.gravatar.com/avatar/97af410a5e57e70c7b228e9b3eecd9fa?d=https%3A%2F%2Favatar-management--avatars.us-west-2.prod.public.atl-paas.net%2Finitials%2FAM-4.png"
          },
          "displayName": "admin mundotango",
          "active": true,
          "timeZone": "America/Buenos_Aires",
          "accountType": "atlassian"
        },
        "assignee": null,
        "priority": {
          "self": "https://mundotango.atlassian.net/rest/api/3/priority/3",
          "iconUrl": "https://mundotango.atlassian.net/images/icons/priorities/medium_new.svg",
          "name": "Medium",
          "id": "3"
        },
        "updated": "2025-10-10T20:11:55.169-0300",
        "status": {
          "self": "https://mundotango.atlassian.net/rest/api/3/status/10002",
          "description": "",
          "iconUrl": "https://mundotango.atlassian.net/images/icons/status_generic.gif",
          "name": "To Do",
          "id": "10002",
          "statusCategory": {
            "self": "https://mundotango.atlassian.net/rest/api/3/statuscategory/2",
            "id": 2,
            "key": "new",
            "colorName": "blue-gray",
            "name": "To Do"
          }
        },
        "labels": []
      }
    }
  ],
  "stories": [
    {
      "expand": "renderedFields,names,schema,operations,editmeta,changelog,versionedRepresentations",
      "id": "10019",
      "self": "https://mundotango.atlassian.net/rest/api/3/issue/10019",
      "key": "MUN-20",
      "fields": {
        "summary": "Story 5.3: Human Review & Approval",
        "issuetype": {
          "self": "https://mundotango.atlassian.net/rest/api/3/issuetype/10034",
          "id": "10034",
          "description": "Functionality or a feature expressed as a user goal.",
          "iconUrl": "https://mundotango.atlassian.net/rest/api/2/universal_avatar/view/type/issuetype/avatar/10315?size=medium",
          "name": "Story",
          "subtask": false,
          "avatarId": 10315,
          "hierarchyLevel": 0
        },
        "parent": {
          "id": "10004",
          "key": "MUN-5",
          "self": "https://mundotango.atlassian.net/rest/api/3/issue/10004",
          "fields": {
            "summary": "EPIC 5: Hybrid Blitz Execution",
            "status": {
              "self": "https://mundotango.atlassian.net/rest/api/3/status/10002",
              "description": "",
              "iconUrl": "https://mundotango.atlassian.net/images/icons/status_generic.gif",
              "name": "To Do",
              "id": "10002",
              "statusCategory": {
                "self": "https://mundotango.atlassian.net/rest/api/3/statuscategory/2",
                "id": 2,
                "key": "new",
                "colorName": "blue-gray",
                "name": "To Do"
              }
            },
            "priority": {
              "self": "https://mundotango.atlassian.net/rest/api/3/priority/3",
              "iconUrl": "https://mundotango.atlassian.net/images/icons/priorities/medium_new.svg",
              "name": "Medium",
              "id": "3"
            },
            "issuetype": {
              "self": "https://mundotango.atlassian.net/rest/api/3/issuetype/10000",
              "id": "10000",
              "description": "A big user story that needs to be broken down. Created by Jira Software - do not edit or delete.",
              "iconUrl": "https://mundotango.atlassian.net/images/icons/issuetypes/epic.svg",
              "name": "Epic",
              "subtask": false,
              "hierarchyLevel": 1
            }
          }
        },
        "created": "2025-10-10T20:12:10.218-0300",
        "description": {
          "type": "doc",
          "version": 1,
          "content": [
            {
              "type": "paragraph",
              "content": [
                {
                  "type": "text",
                  "text": "Enable human review workflow with Resume AI package generation.\n\n**Status:** PENDING\n**Owner:** Agent #62 (Resume AI)\n\n**Workflow:**\n1. Agent completes work → Resume AI packages\n2. Package: summary, technical details, metrics, risks\n3. Human reviews in Jira\n4. Approve/reject with feedback\n5. Iterate or merge based on decision\n\n**Setup:**\n- [ ] Resume AI package generation\n- [ ] Jira review workflow\n- [ ] Approval criteria\n- [ ] Feedback loop\n- [ ] Track approval rate (target: >85%)"
                }
              ]
            }
          ]
        },
        "reporter": {
          "self": "https://mundotango.atlassian.net/rest/api/3/user?accountId=712020%3A9d05ddb6-6c02-4556-9338-4091c9755e09",
          "accountId": "712020:9d05ddb6-6c02-4556-9338-4091c9755e09",
          "emailAddress": "admin@mundotango.life",
          "avatarUrls": {
            "48x48": "https://secure.gravatar.com/avatar/97af410a5e57e70c7b228e9b3eecd9fa?d=https%3A%2F%2Favatar-management--avatars.us-west-2.prod.public.atl-paas.net%2Finitials%2FAM-4.png",
            "24x24": "https://secure.gravatar.com/avatar/97af410a5e57e70c7b228e9b3eecd9fa?d=https%3A%2F%2Favatar-management--avatars.us-west-2.prod.public.atl-paas.net%2Finitials%2FAM-4.png",
            "16x16": "https://secure.gravatar.com/avatar/97af410a5e57e70c7b228e9b3eecd9fa?d=https%3A%2F%2Favatar-management--avatars.us-west-2.prod.public.atl-paas.net%2Finitials%2FAM-4.png",
            "32x32": "https://secure.gravatar.com/avatar/97af410a5e57e70c7b228e9b3eecd9fa?d=https%3A%2F%2Favatar-management--avatars.us-west-2.prod.public.atl-paas.net%2Finitials%2FAM-4.png"
          },
          "displayName": "admin mundotango",
          "active": true,
          "timeZone": "America/Buenos_Aires",
          "accountType": "atlassian"
        },
        "assignee": null,
        "priority": {
          "self": "https://mundotango.atlassian.net/rest/api/3/priority/3",
          "iconUrl": "https://mundotango.atlassian.net/images/icons/priorities/medium_new.svg",
          "name": "Medium",
          "id": "3"
        },
        "updated": "2025-10-10T20:12:10.350-0300",
        "customfield_10014": "MUN-5",
        "status": {
          "self": "https://mundotango.atlassian.net/rest/api/3/status/10002",
          "description": "",
          "iconUrl": "https://mundotango.atlassian.net/images/icons/status_generic.gif",
          "name": "To Do",
          "id": "10002",
          "statusCategory": {
            "self": "https://mundotango.atlassian.net/rest/api/3/statuscategory/2",
            "id": 2,
            "key": "new",
            "colorName": "blue-gray",
            "name": "To Do"
          }
        },
        "labels": [
          "human-review",
          "phase-5",
          "quality-gate",
          "resume-ai"
        ]
      }
    },
    {
      "expand": "renderedFields,names,schema,operations,editmeta,changelog,versionedRepresentations",
      "id": "10018",
      "self": "https://mundotango.atlassian.net/rest/api/3/issue/10018",
      "key": "MUN-19",
      "fields": {
        "summary": "Story 5.2: Real-time Progress Tracking",
        "issuetype": {
          "self": "https://mundotango.atlassian.net/rest/api/3/issuetype/10034",
          "id": "10034",
          "description": "Functionality or a feature expressed as a user goal.",
          "iconUrl": "https://mundotango.atlassian.net/rest/api/2/universal_avatar/view/type/issuetype/avatar/10315?size=medium",
          "name": "Story",
          "subtask": false,
          "avatarId": 10315,
          "hierarchyLevel": 0
        },
        "parent": {
          "id": "10004",
          "key": "MUN-5",
          "self": "https://mundotango.atlassian.net/rest/api/3/issue/10004",
          "fields": {
            "summary": "EPIC 5: Hybrid Blitz Execution",
            "status": {
              "self": "https://mundotango.atlassian.net/rest/api/3/status/10002",
              "description": "",
              "iconUrl": "https://mundotango.atlassian.net/images/icons/status_generic.gif",
              "name": "To Do",
              "id": "10002",
              "statusCategory": {
                "self": "https://mundotango.atlassian.net/rest/api/3/statuscategory/2",
                "id": 2,
                "key": "new",
                "colorName": "blue-gray",
                "name": "To Do"
              }
            },
            "priority": {
              "self": "https://mundotango.atlassian.net/rest/api/3/priority/3",
              "iconUrl": "https://mundotango.atlassian.net/images/icons/priorities/medium_new.svg",
              "name": "Medium",
              "id": "3"
            },
            "issuetype": {
              "self": "https://mundotango.atlassian.net/rest/api/3/issuetype/10000",
              "id": "10000",
              "description": "A big user story that needs to be broken down. Created by Jira Software - do not edit or delete.",
              "iconUrl": "https://mundotango.atlassian.net/images/icons/issuetypes/epic.svg",
              "name": "Epic",
              "subtask": false,
              "hierarchyLevel": 1
            }
          }
        },
        "created": "2025-10-10T20:12:09.451-0300",
        "description": {
          "type": "doc",
          "version": 1,
          "content": [
            {
              "type": "paragraph",
              "content": [
                {
                  "type": "text",
                  "text": "Monitor all squad progress with real-time metrics and Jira sync.\n\n**Status:** PENDING\n**Owner:** Agent #62 (Resume AI)\n\n**Monitoring:**\n- [ ] LangGraph state tracking\n- [ ] BullMQ job progress\n- [ ] Prometheus metrics export\n- [ ] Live dashboard (/admin/agent-metrics)\n- [ ] Auto-update Jira status"
                }
              ]
            }
          ]
        },
        "reporter": {
          "self": "https://mundotango.atlassian.net/rest/api/3/user?accountId=712020%3A9d05ddb6-6c02-4556-9338-4091c9755e09",
          "accountId": "712020:9d05ddb6-6c02-4556-9338-4091c9755e09",
          "emailAddress": "admin@mundotango.life",
          "avatarUrls": {
            "48x48": "https://secure.gravatar.com/avatar/97af410a5e57e70c7b228e9b3eecd9fa?d=https%3A%2F%2Favatar-management--avatars.us-west-2.prod.public.atl-paas.net%2Finitials%2FAM-4.png",
            "24x24": "https://secure.gravatar.com/avatar/97af410a5e57e70c7b228e9b3eecd9fa?d=https%3A%2F%2Favatar-management--avatars.us-west-2.prod.public.atl-paas.net%2Finitials%2FAM-4.png",
            "16x16": "https://secure.gravatar.com/avatar/97af410a5e57e70c7b228e9b3eecd9fa?d=https%3A%2F%2Favatar-management--avatars.us-west-2.prod.public.atl-paas.net%2Finitials%2FAM-4.png",
            "32x32": "https://secure.gravatar.com/avatar/97af410a5e57e70c7b228e9b3eecd9fa?d=https%3A%2F%2Favatar-management--avatars.us-west-2.prod.public.atl-paas.net%2Finitials%2FAM-4.png"
          },
          "displayName": "admin mundotango",
          "active": true,
          "timeZone": "America/Buenos_Aires",
          "accountType": "atlassian"
        },
        "assignee": null,
        "priority": {
          "self": "https://mundotango.atlassian.net/rest/api/3/priority/3",
          "iconUrl": "https://mundotango.atlassian.net/images/icons/priorities/medium_new.svg",
          "name": "Medium",
          "id": "3"
        },
        "updated": "2025-10-10T20:12:09.565-0300",
        "customfield_10014": "MUN-5",
        "status": {
          "self": "https://mundotango.atlassian.net/rest/api/3/status/10002",
          "description": "",
          "iconUrl": "https://mundotango.atlassian.net/images/icons/status_generic.gif",
          "name": "To Do",
          "id": "10002",
          "statusCategory": {
            "self": "https://mundotango.atlassian.net/rest/api/3/statuscategory/2",
            "id": 2,
            "key": "new",
            "colorName": "blue-gray",
            "name": "To Do"
          }
        },
        "labels": [
          "metrics",
          "monitoring",
          "phase-5",
          "real-time"
        ]
      }
    },
    {
      "expand": "renderedFields,names,schema,operations,editmeta,changelog,versionedRepresentations",
      "id": "10017",
      "self": "https://mundotango.atlassian.net/rest/api/3/issue/10017",
      "key": "MUN-18",
      "fields": {
        "summary": "Story 5.1: Parallel Squad Deployment",
        "issuetype": {
          "self": "https://mundotango.atlassian.net/rest/api/3/issuetype/10034",
          "id": "10034",
          "description": "Functionality or a feature expressed as a user goal.",
          "iconUrl": "https://mundotango.atlassian.net/rest/api/2/universal_avatar/view/type/issuetype/avatar/10315?size=medium",
          "name": "Story",
          "subtask": false,
          "avatarId": 10315,
          "hierarchyLevel": 0
        },
        "parent": {
          "id": "10004",
          "key": "MUN-5",
          "self": "https://mundotango.atlassian.net/rest/api/3/issue/10004",
          "fields": {
            "summary": "EPIC 5: Hybrid Blitz Execution",
            "status": {
              "self": "https://mundotango.atlassian.net/rest/api/3/status/10002",
              "description": "",
              "iconUrl": "https://mundotango.atlassian.net/images/icons/status_generic.gif",
              "name": "To Do",
              "id": "10002",
              "statusCategory": {
                "self": "https://mundotango.atlassian.net/rest/api/3/statuscategory/2",
                "id": 2,
                "key": "new",
                "colorName": "blue-gray",
                "name": "To Do"
              }
            },
            "priority": {
              "self": "https://mundotango.atlassian.net/rest/api/3/priority/3",
              "iconUrl": "https://mundotango.atlassian.net/images/icons/priorities/medium_new.svg",
              "name": "Medium",
              "id": "3"
            },
            "issuetype": {
              "self": "https://mundotango.atlassian.net/rest/api/3/issuetype/10000",
              "id": "10000",
              "description": "A big user story that needs to be broken down. Created by Jira Software - do not edit or delete.",
              "iconUrl": "https://mundotango.atlassian.net/images/icons/issuetypes/epic.svg",
              "name": "Epic",
              "subtask": false,
              "hierarchyLevel": 1
            }
          }
        },
        "created": "2025-10-10T20:12:08.641-0300",
        "description": {
          "type": "doc",
          "version": 1,
          "content": [
            {
              "type": "paragraph",
              "content": [
                {
                  "type": "text",
                  "text": "Deploy 7 squads in parallel using LangGraph + BullMQ coordination.\n\n**Status:** PENDING (awaiting human approval)\n**Agent Lead:** Agent #0 + Agent #62\n\n**Timeline:**\n- Week 4: High-Priority Squads (1-4)\n- Week 5: Medium-Priority Squads (5-7)\n\n**Infrastructure:**\n- [ ] Activate LangGraph orchestration\n- [ ] Deploy BullMQ task queues\n- [ ] Start mentor training (14 → 40+)\n- [ ] Monitor via dashboard\n- [ ] Auto-sync to Jira"
                }
              ]
            }
          ]
        },
        "reporter": {
          "self": "https://mundotango.atlassian.net/rest/api/3/user?accountId=712020%3A9d05ddb6-6c02-4556-9338-4091c9755e09",
          "accountId": "712020:9d05ddb6-6c02-4556-9338-4091c9755e09",
          "emailAddress": "admin@mundotango.life",
          "avatarUrls": {
            "48x48": "https://secure.gravatar.com/avatar/97af410a5e57e70c7b228e9b3eecd9fa?d=https%3A%2F%2Favatar-management--avatars.us-west-2.prod.public.atl-paas.net%2Finitials%2FAM-4.png",
            "24x24": "https://secure.gravatar.com/avatar/97af410a5e57e70c7b228e9b3eecd9fa?d=https%3A%2F%2Favatar-management--avatars.us-west-2.prod.public.atl-paas.net%2Finitials%2FAM-4.png",
            "16x16": "https://secure.gravatar.com/avatar/97af410a5e57e70c7b228e9b3eecd9fa?d=https%3A%2F%2Favatar-management--avatars.us-west-2.prod.public.atl-paas.net%2Finitials%2FAM-4.png",
            "32x32": "https://secure.gravatar.com/avatar/97af410a5e57e70c7b228e9b3eecd9fa?d=https%3A%2F%2Favatar-management--avatars.us-west-2.prod.public.atl-paas.net%2Finitials%2FAM-4.png"
          },
          "displayName": "admin mundotango",
          "active": true,
          "timeZone": "America/Buenos_Aires",
          "accountType": "atlassian"
        },
        "assignee": null,
        "priority": {
          "self": "https://mundotango.atlassian.net/rest/api/3/priority/3",
          "iconUrl": "https://mundotango.atlassian.net/images/icons/priorities/medium_new.svg",
          "name": "Medium",
          "id": "3"
        },
        "updated": "2025-10-10T20:12:08.780-0300",
        "customfield_10014": "MUN-5",
        "status": {
          "self": "https://mundotango.atlassian.net/rest/api/3/status/10002",
          "description": "",
          "iconUrl": "https://mundotango.atlassian.net/images/icons/status_generic.gif",
          "name": "To Do",
          "id": "10002",
          "statusCategory": {
            "self": "https://mundotango.atlassian.net/rest/api/3/statuscategory/2",
            "id": 2,
            "key": "new",
            "colorName": "blue-gray",
            "name": "To Do"
          }
        },
        "labels": [
          "awaiting-approval",
          "deployment",
          "parallel-execution",
          "phase-5"
        ]
      }
    },
    {
      "expand": "renderedFields,names,schema,operations,editmeta,changelog,versionedRepresentations",
      "id": "10016",
      "self": "https://mundotango.atlassian.net/rest/api/3/issue/10016",
      "key": "MUN-17",
      "fields": {
        "summary": "Story 4.4: Accessibility Squad (55 pages)",
        "issuetype": {
          "self": "https://mundotango.atlassian.net/rest/api/3/issuetype/10034",
          "id": "10034",
          "description": "Functionality or a feature expressed as a user goal.",
          "iconUrl": "https://mundotango.atlassian.net/rest/api/2/universal_avatar/view/type/issuetype/avatar/10315?size=medium",
          "name": "Story",
          "subtask": false,
          "avatarId": 10315,
          "hierarchyLevel": 0
        },
        "parent": {
          "id": "10003",
          "key": "MUN-4",
          "self": "https://mundotango.atlassian.net/rest/api/3/issue/10003",
          "fields": {
            "summary": "EPIC 4: Squad Formation & Training",
            "status": {
              "self": "https://mundotango.atlassian.net/rest/api/3/status/10002",
              "description": "",
              "iconUrl": "https://mundotango.atlassian.net/images/icons/status_generic.gif",
              "name": "To Do",
              "id": "10002",
              "statusCategory": {
                "self": "https://mundotango.atlassian.net/rest/api/3/statuscategory/2",
                "id": 2,
                "key": "new",
                "colorName": "blue-gray",
                "name": "To Do"
              }
            },
            "priority": {
              "self": "https://mundotango.atlassian.net/rest/api/3/priority/3",
              "iconUrl": "https://mundotango.atlassian.net/images/icons/priorities/medium_new.svg",
              "name": "Medium",
              "id": "3"
            },
            "issuetype": {
              "self": "https://mundotango.atlassian.net/rest/api/3/issuetype/10000",
              "id": "10000",
              "description": "A big user story that needs to be broken down. Created by Jira Software - do not edit or delete.",
              "iconUrl": "https://mundotango.atlassian.net/images/icons/issuetypes/epic.svg",
              "name": "Epic",
              "subtask": false,
              "hierarchyLevel": 1
            }
          }
        },
        "created": "2025-10-10T20:12:07.760-0300",
        "description": {
          "type": "doc",
          "version": 1,
          "content": [
            {
              "type": "paragraph",
              "content": [
                {
                  "type": "text",
                  "text": "Add ARIA labels to 55 pages for WCAG 2.1 AA compliance.\n\n**Mentor Agents:** #51 (ARIA) + #11 (UI/UX)\n**Priority:** HIGH\n**Target:** 90% ARIA coverage\n**Status:** READY TO DEPLOY\n\n**Scope:**\n- [ ] Add ARIA labels to interactive elements\n- [ ] Implement keyboard navigation\n- [ ] Test with screen readers\n- [ ] Achieve WCAG 2.1 AA"
                }
              ]
            }
          ]
        },
        "reporter": {
          "self": "https://mundotango.atlassian.net/rest/api/3/user?accountId=712020%3A9d05ddb6-6c02-4556-9338-4091c9755e09",
          "accountId": "712020:9d05ddb6-6c02-4556-9338-4091c9755e09",
          "emailAddress": "admin@mundotango.life",
          "avatarUrls": {
            "48x48": "https://secure.gravatar.com/avatar/97af410a5e57e70c7b228e9b3eecd9fa?d=https%3A%2F%2Favatar-management--avatars.us-west-2.prod.public.atl-paas.net%2Finitials%2FAM-4.png",
            "24x24": "https://secure.gravatar.com/avatar/97af410a5e57e70c7b228e9b3eecd9fa?d=https%3A%2F%2Favatar-management--avatars.us-west-2.prod.public.atl-paas.net%2Finitials%2FAM-4.png",
            "16x16": "https://secure.gravatar.com/avatar/97af410a5e57e70c7b228e9b3eecd9fa?d=https%3A%2F%2Favatar-management--avatars.us-west-2.prod.public.atl-paas.net%2Finitials%2FAM-4.png",
            "32x32": "https://secure.gravatar.com/avatar/97af410a5e57e70c7b228e9b3eecd9fa?d=https%3A%2F%2Favatar-management--avatars.us-west-2.prod.public.atl-paas.net%2Finitials%2FAM-4.png"
          },
          "displayName": "admin mundotango",
          "active": true,
          "timeZone": "America/Buenos_Aires",
          "accountType": "atlassian"
        },
        "assignee": null,
        "priority": {
          "self": "https://mundotango.atlassian.net/rest/api/3/priority/3",
          "iconUrl": "https://mundotango.atlassian.net/images/icons/priorities/medium_new.svg",
          "name": "Medium",
          "id": "3"
        },
        "updated": "2025-10-10T20:12:07.895-0300",
        "customfield_10014": "MUN-4",
        "status": {
          "self": "https://mundotango.atlassian.net/rest/api/3/status/10002",
          "description": "",
          "iconUrl": "https://mundotango.atlassian.net/images/icons/status_generic.gif",
          "name": "To Do",
          "id": "10002",
          "statusCategory": {
            "self": "https://mundotango.atlassian.net/rest/api/3/statuscategory/2",
            "id": 2,
            "key": "new",
            "colorName": "blue-gray",
            "name": "To Do"
          }
        },
        "labels": [
          "accessibility",
          "aria",
          "high-priority",
          "squad-4"
        ]
      }
    },
    {
      "expand": "renderedFields,names,schema,operations,editmeta,changelog,versionedRepresentations",
      "id": "10015",
      "self": "https://mundotango.atlassian.net/rest/api/3/issue/10015",
      "key": "MUN-16",
      "fields": {
        "summary": "Story 4.3: Testing Squad (61 pages)",
        "issuetype": {
          "self": "https://mundotango.atlassian.net/rest/api/3/issuetype/10034",
          "id": "10034",
          "description": "Functionality or a feature expressed as a user goal.",
          "iconUrl": "https://mundotango.atlassian.net/rest/api/2/universal_avatar/view/type/issuetype/avatar/10315?size=medium",
          "name": "Story",
          "subtask": false,
          "avatarId": 10315,
          "hierarchyLevel": 0
        },
        "parent": {
          "id": "10003",
          "key": "MUN-4",
          "self": "https://mundotango.atlassian.net/rest/api/3/issue/10003",
          "fields": {
            "summary": "EPIC 4: Squad Formation & Training",
            "status": {
              "self": "https://mundotango.atlassian.net/rest/api/3/status/10002",
              "description": "",
              "iconUrl": "https://mundotango.atlassian.net/images/icons/status_generic.gif",
              "name": "To Do",
              "id": "10002",
              "statusCategory": {
                "self": "https://mundotango.atlassian.net/rest/api/3/statuscategory/2",
                "id": 2,
                "key": "new",
                "colorName": "blue-gray",
                "name": "To Do"
              }
            },
            "priority": {
              "self": "https://mundotango.atlassian.net/rest/api/3/priority/3",
              "iconUrl": "https://mundotango.atlassian.net/images/icons/priorities/medium_new.svg",
              "name": "Medium",
              "id": "3"
            },
            "issuetype": {
              "self": "https://mundotango.atlassian.net/rest/api/3/issuetype/10000",
              "id": "10000",
              "description": "A big user story that needs to be broken down. Created by Jira Software - do not edit or delete.",
              "iconUrl": "https://mundotango.atlassian.net/images/icons/issuetypes/epic.svg",
              "name": "Epic",
              "subtask": false,
              "hierarchyLevel": 1
            }
          }
        },
        "created": "2025-10-10T20:12:06.805-0300",
        "description": {
          "type": "doc",
          "version": 1,
          "content": [
            {
              "type": "paragraph",
              "content": [
                {
                  "type": "text",
                  "text": "Add data-testid coverage to 61 pages for TestSprite AI.\n\n**Mentor Agents:** #53 (TestSprite) + #14 (Code Quality)\n**Priority:** HIGH\n**Target:** 95% test coverage\n**Status:** READY TO DEPLOY\n\n**Scope:**\n- [ ] Add data-testid to all interactive elements\n- [ ] Follow naming patterns (action-target)\n- [ ] Tag dynamic lists with unique IDs\n- [ ] Validate with TestSprite AI"
                }
              ]
            }
          ]
        },
        "reporter": {
          "self": "https://mundotango.atlassian.net/rest/api/3/user?accountId=712020%3A9d05ddb6-6c02-4556-9338-4091c9755e09",
          "accountId": "712020:9d05ddb6-6c02-4556-9338-4091c9755e09",
          "emailAddress": "admin@mundotango.life",
          "avatarUrls": {
            "48x48": "https://secure.gravatar.com/avatar/97af410a5e57e70c7b228e9b3eecd9fa?d=https%3A%2F%2Favatar-management--avatars.us-west-2.prod.public.atl-paas.net%2Finitials%2FAM-4.png",
            "24x24": "https://secure.gravatar.com/avatar/97af410a5e57e70c7b228e9b3eecd9fa?d=https%3A%2F%2Favatar-management--avatars.us-west-2.prod.public.atl-paas.net%2Finitials%2FAM-4.png",
            "16x16": "https://secure.gravatar.com/avatar/97af410a5e57e70c7b228e9b3eecd9fa?d=https%3A%2F%2Favatar-management--avatars.us-west-2.prod.public.atl-paas.net%2Finitials%2FAM-4.png",
            "32x32": "https://secure.gravatar.com/avatar/97af410a5e57e70c7b228e9b3eecd9fa?d=https%3A%2F%2Favatar-management--avatars.us-west-2.prod.public.atl-paas.net%2Finitials%2FAM-4.png"
          },
          "displayName": "admin mundotango",
          "active": true,
          "timeZone": "America/Buenos_Aires",
          "accountType": "atlassian"
        },
        "assignee": null,
        "priority": {
          "self": "https://mundotango.atlassian.net/rest/api/3/priority/3",
          "iconUrl": "https://mundotango.atlassian.net/images/icons/priorities/medium_new.svg",
          "name": "Medium",
          "id": "3"
        },
        "updated": "2025-10-10T20:12:07.085-0300",
        "customfield_10014": "MUN-4",
        "status": {
          "self": "https://mundotango.atlassian.net/rest/api/3/status/10002",
          "description": "",
          "iconUrl": "https://mundotango.atlassian.net/images/icons/status_generic.gif",
          "name": "To Do",
          "id": "10002",
          "statusCategory": {
            "self": "https://mundotango.atlassian.net/rest/api/3/statuscategory/2",
            "id": 2,
            "key": "new",
            "colorName": "blue-gray",
            "name": "To Do"
          }
        },
        "labels": [
          "data-testid",
          "high-priority",
          "squad-3",
          "testing"
        ]
      }
    },
    {
      "expand": "renderedFields,names,schema,operations,editmeta,changelog,versionedRepresentations",
      "id": "10014",
      "self": "https://mundotango.atlassian.net/rest/api/3/issue/10014",
      "key": "MUN-15",
      "fields": {
        "summary": "Story 4.2: SEO Squad (91 pages)",
        "issuetype": {
          "self": "https://mundotango.atlassian.net/rest/api/3/issuetype/10034",
          "id": "10034",
          "description": "Functionality or a feature expressed as a user goal.",
          "iconUrl": "https://mundotango.atlassian.net/rest/api/2/universal_avatar/view/type/issuetype/avatar/10315?size=medium",
          "name": "Story",
          "subtask": false,
          "avatarId": 10315,
          "hierarchyLevel": 0
        },
        "parent": {
          "id": "10003",
          "key": "MUN-4",
          "self": "https://mundotango.atlassian.net/rest/api/3/issue/10003",
          "fields": {
            "summary": "EPIC 4: Squad Formation & Training",
            "status": {
              "self": "https://mundotango.atlassian.net/rest/api/3/status/10002",
              "description": "",
              "iconUrl": "https://mundotango.atlassian.net/images/icons/status_generic.gif",
              "name": "To Do",
              "id": "10002",
              "statusCategory": {
                "self": "https://mundotango.atlassian.net/rest/api/3/statuscategory/2",
                "id": 2,
                "key": "new",
                "colorName": "blue-gray",
                "name": "To Do"
              }
            },
            "priority": {
              "self": "https://mundotango.atlassian.net/rest/api/3/priority/3",
              "iconUrl": "https://mundotango.atlassian.net/images/icons/priorities/medium_new.svg",
              "name": "Medium",
              "id": "3"
            },
            "issuetype": {
              "self": "https://mundotango.atlassian.net/rest/api/3/issuetype/10000",
              "id": "10000",
              "description": "A big user story that needs to be broken down. Created by Jira Software - do not edit or delete.",
              "iconUrl": "https://mundotango.atlassian.net/images/icons/issuetypes/epic.svg",
              "name": "Epic",
              "subtask": false,
              "hierarchyLevel": 1
            }
          }
        },
        "created": "2025-10-10T20:12:05.961-0300",
        "description": {
          "type": "doc",
          "version": 1,
          "content": [
            {
              "type": "paragraph",
              "content": [
                {
                  "type": "text",
                  "text": "Add SEO optimization to 91 pages missing meta tags.\n\n**Mentor Agents:** #55 (SEO) + #54 (i18n Coverage)\n**Priority:** HIGH\n**Target:** 95% SEO coverage\n**Status:** READY TO DEPLOY\n\n**Scope:**\n- [ ] Add SEO Helmet with titles/descriptions\n- [ ] Implement Open Graph tags\n- [ ] Add structured data (JSON-LD)\n- [ ] Validate with Lighthouse"
                }
              ]
            }
          ]
        },
        "reporter": {
          "self": "https://mundotango.atlassian.net/rest/api/3/user?accountId=712020%3A9d05ddb6-6c02-4556-9338-4091c9755e09",
          "accountId": "712020:9d05ddb6-6c02-4556-9338-4091c9755e09",
          "emailAddress": "admin@mundotango.life",
          "avatarUrls": {
            "48x48": "https://secure.gravatar.com/avatar/97af410a5e57e70c7b228e9b3eecd9fa?d=https%3A%2F%2Favatar-management--avatars.us-west-2.prod.public.atl-paas.net%2Finitials%2FAM-4.png",
            "24x24": "https://secure.gravatar.com/avatar/97af410a5e57e70c7b228e9b3eecd9fa?d=https%3A%2F%2Favatar-management--avatars.us-west-2.prod.public.atl-paas.net%2Finitials%2FAM-4.png",
            "16x16": "https://secure.gravatar.com/avatar/97af410a5e57e70c7b228e9b3eecd9fa?d=https%3A%2F%2Favatar-management--avatars.us-west-2.prod.public.atl-paas.net%2Finitials%2FAM-4.png",
            "32x32": "https://secure.gravatar.com/avatar/97af410a5e57e70c7b228e9b3eecd9fa?d=https%3A%2F%2Favatar-management--avatars.us-west-2.prod.public.atl-paas.net%2Finitials%2FAM-4.png"
          },
          "displayName": "admin mundotango",
          "active": true,
          "timeZone": "America/Buenos_Aires",
          "accountType": "atlassian"
        },
        "assignee": null,
        "priority": {
          "self": "https://mundotango.atlassian.net/rest/api/3/priority/3",
          "iconUrl": "https://mundotango.atlassian.net/images/icons/priorities/medium_new.svg",
          "name": "Medium",
          "id": "3"
        },
        "updated": "2025-10-10T20:12:06.076-0300",
        "customfield_10014": "MUN-4",
        "status": {
          "self": "https://mundotango.atlassian.net/rest/api/3/status/10002",
          "description": "",
          "iconUrl": "https://mundotango.atlassian.net/images/icons/status_generic.gif",
          "name": "To Do",
          "id": "10002",
          "statusCategory": {
            "self": "https://mundotango.atlassian.net/rest/api/3/statuscategory/2",
            "id": 2,
            "key": "new",
            "colorName": "blue-gray",
            "name": "To Do"
          }
        },
        "labels": [
          "high-priority",
          "meta-tags",
          "seo",
          "squad-2"
        ]
      }
    },
    {
      "expand": "renderedFields,names,schema,operations,editmeta,changelog,versionedRepresentations",
      "id": "10013",
      "self": "https://mundotango.atlassian.net/rest/api/3/issue/10013",
      "key": "MUN-14",
      "fields": {
        "summary": "Story 4.1: Resilience Squad (92 pages)",
        "issuetype": {
          "self": "https://mundotango.atlassian.net/rest/api/3/issuetype/10034",
          "id": "10034",
          "description": "Functionality or a feature expressed as a user goal.",
          "iconUrl": "https://mundotango.atlassian.net/rest/api/2/universal_avatar/view/type/issuetype/avatar/10315?size=medium",
          "name": "Story",
          "subtask": false,
          "avatarId": 10315,
          "hierarchyLevel": 0
        },
        "parent": {
          "id": "10003",
          "key": "MUN-4",
          "self": "https://mundotango.atlassian.net/rest/api/3/issue/10003",
          "fields": {
            "summary": "EPIC 4: Squad Formation & Training",
            "status": {
              "self": "https://mundotango.atlassian.net/rest/api/3/status/10002",
              "description": "",
              "iconUrl": "https://mundotango.atlassian.net/images/icons/status_generic.gif",
              "name": "To Do",
              "id": "10002",
              "statusCategory": {
                "self": "https://mundotango.atlassian.net/rest/api/3/statuscategory/2",
                "id": 2,
                "key": "new",
                "colorName": "blue-gray",
                "name": "To Do"
              }
            },
            "priority": {
              "self": "https://mundotango.atlassian.net/rest/api/3/priority/3",
              "iconUrl": "https://mundotango.atlassian.net/images/icons/priorities/medium_new.svg",
              "name": "Medium",
              "id": "3"
            },
            "issuetype": {
              "self": "https://mundotango.atlassian.net/rest/api/3/issuetype/10000",
              "id": "10000",
              "description": "A big user story that needs to be broken down. Created by Jira Software - do not edit or delete.",
              "iconUrl": "https://mundotango.atlassian.net/images/icons/issuetypes/epic.svg",
              "name": "Epic",
              "subtask": false,
              "hierarchyLevel": 1
            }
          }
        },
        "created": "2025-10-10T20:12:05.316-0300",
        "description": {
          "type": "doc",
          "version": 1,
          "content": [
            {
              "type": "paragraph",
              "content": [
                {
                  "type": "text",
                  "text": "Add error boundary protection to 92 pages missing resilience.\n\n**Mentor Agents:** #7 (Platform Orchestration) + #15 (DevEx)\n**Priority:** HIGH\n**Target:** 100% error boundary coverage\n**Status:** READY TO DEPLOY\n\n**Scope:**\n- [ ] Add error boundaries to all pages\n- [ ] Implement graceful degradation\n- [ ] Create fallback UI components\n- [ ] Test error recovery flows"
                }
              ]
            }
          ]
        },
        "reporter": {
          "self": "https://mundotango.atlassian.net/rest/api/3/user?accountId=712020%3A9d05ddb6-6c02-4556-9338-4091c9755e09",
          "accountId": "712020:9d05ddb6-6c02-4556-9338-4091c9755e09",
          "emailAddress": "admin@mundotango.life",
          "avatarUrls": {
            "48x48": "https://secure.gravatar.com/avatar/97af410a5e57e70c7b228e9b3eecd9fa?d=https%3A%2F%2Favatar-management--avatars.us-west-2.prod.public.atl-paas.net%2Finitials%2FAM-4.png",
            "24x24": "https://secure.gravatar.com/avatar/97af410a5e57e70c7b228e9b3eecd9fa?d=https%3A%2F%2Favatar-management--avatars.us-west-2.prod.public.atl-paas.net%2Finitials%2FAM-4.png",
            "16x16": "https://secure.gravatar.com/avatar/97af410a5e57e70c7b228e9b3eecd9fa?d=https%3A%2F%2Favatar-management--avatars.us-west-2.prod.public.atl-paas.net%2Finitials%2FAM-4.png",
            "32x32": "https://secure.gravatar.com/avatar/97af410a5e57e70c7b228e9b3eecd9fa?d=https%3A%2F%2Favatar-management--avatars.us-west-2.prod.public.atl-paas.net%2Finitials%2FAM-4.png"
          },
          "displayName": "admin mundotango",
          "active": true,
          "timeZone": "America/Buenos_Aires",
          "accountType": "atlassian"
        },
        "assignee": null,
        "priority": {
          "self": "https://mundotango.atlassian.net/rest/api/3/priority/3",
          "iconUrl": "https://mundotango.atlassian.net/images/icons/priorities/medium_new.svg",
          "name": "Medium",
          "id": "3"
        },
        "updated": "2025-10-10T20:12:05.403-0300",
        "customfield_10014": "MUN-4",
        "status": {
          "self": "https://mundotango.atlassian.net/rest/api/3/status/10002",
          "description": "",
          "iconUrl": "https://mundotango.atlassian.net/images/icons/status_generic.gif",
          "name": "To Do",
          "id": "10002",
          "statusCategory": {
            "self": "https://mundotango.atlassian.net/rest/api/3/statuscategory/2",
            "id": 2,
            "key": "new",
            "colorName": "blue-gray",
            "name": "To Do"
          }
        },
        "labels": [
          "error-boundaries",
          "high-priority",
          "resilience",
          "squad-1"
        ]
      }
    },
    {
      "expand": "renderedFields,names,schema,operations,editmeta,changelog,versionedRepresentations",
      "id": "10012",
      "self": "https://mundotango.atlassian.net/rest/api/3/issue/10012",
      "key": "MUN-13",
      "fields": {
        "summary": "Story 3.3: Issue Prioritization Matrix",
        "issuetype": {
          "self": "https://mundotango.atlassian.net/rest/api/3/issuetype/10034",
          "id": "10034",
          "description": "Functionality or a feature expressed as a user goal.",
          "iconUrl": "https://mundotango.atlassian.net/rest/api/2/universal_avatar/view/type/issuetype/avatar/10315?size=medium",
          "name": "Story",
          "subtask": false,
          "avatarId": 10315,
          "hierarchyLevel": 0
        },
        "parent": {
          "id": "10002",
          "key": "MUN-3",
          "self": "https://mundotango.atlassian.net/rest/api/3/issue/10002",
          "fields": {
            "summary": "EPIC 3: Baseline Audit & Discovery",
            "status": {
              "self": "https://mundotango.atlassian.net/rest/api/3/status/10002",
              "description": "",
              "iconUrl": "https://mundotango.atlassian.net/images/icons/status_generic.gif",
              "name": "To Do",
              "id": "10002",
              "statusCategory": {
                "self": "https://mundotango.atlassian.net/rest/api/3/statuscategory/2",
                "id": 2,
                "key": "new",
                "colorName": "blue-gray",
                "name": "To Do"
              }
            },
            "priority": {
              "self": "https://mundotango.atlassian.net/rest/api/3/priority/3",
              "iconUrl": "https://mundotango.atlassian.net/images/icons/priorities/medium_new.svg",
              "name": "Medium",
              "id": "3"
            },
            "issuetype": {
              "self": "https://mundotango.atlassian.net/rest/api/3/issuetype/10000",
              "id": "10000",
              "description": "A big user story that needs to be broken down. Created by Jira Software - do not edit or delete.",
              "iconUrl": "https://mundotango.atlassian.net/images/icons/issuetypes/epic.svg",
              "name": "Epic",
              "subtask": false,
              "hierarchyLevel": 1
            }
          }
        },
        "created": "2025-10-10T20:12:04.573-0300",
        "description": {
          "type": "doc",
          "version": 1,
          "content": [
            {
              "type": "paragraph",
              "content": [
                {
                  "type": "text",
                  "text": "Generate priority matrix and coverage gap analysis for all 314 issues.\n\n**Files:**\n- docs/audit-reports/baseline-audit-2025-10-10.json\n- docs/audit-reports/baseline-audit-2025-10-10.md\n\n**Status:** DONE ✅\n\n**Priorities:** Resilience (92 pages), SEO (91), Testing (61), Accessibility (55)"
                }
              ]
            }
          ]
        },
        "reporter": {
          "self": "https://mundotango.atlassian.net/rest/api/3/user?accountId=712020%3A9d05ddb6-6c02-4556-9338-4091c9755e09",
          "accountId": "712020:9d05ddb6-6c02-4556-9338-4091c9755e09",
          "emailAddress": "admin@mundotango.life",
          "avatarUrls": {
            "48x48": "https://secure.gravatar.com/avatar/97af410a5e57e70c7b228e9b3eecd9fa?d=https%3A%2F%2Favatar-management--avatars.us-west-2.prod.public.atl-paas.net%2Finitials%2FAM-4.png",
            "24x24": "https://secure.gravatar.com/avatar/97af410a5e57e70c7b228e9b3eecd9fa?d=https%3A%2F%2Favatar-management--avatars.us-west-2.prod.public.atl-paas.net%2Finitials%2FAM-4.png",
            "16x16": "https://secure.gravatar.com/avatar/97af410a5e57e70c7b228e9b3eecd9fa?d=https%3A%2F%2Favatar-management--avatars.us-west-2.prod.public.atl-paas.net%2Finitials%2FAM-4.png",
            "32x32": "https://secure.gravatar.com/avatar/97af410a5e57e70c7b228e9b3eecd9fa?d=https%3A%2F%2Favatar-management--avatars.us-west-2.prod.public.atl-paas.net%2Finitials%2FAM-4.png"
          },
          "displayName": "admin mundotango",
          "active": true,
          "timeZone": "America/Buenos_Aires",
          "accountType": "atlassian"
        },
        "assignee": null,
        "priority": {
          "self": "https://mundotango.atlassian.net/rest/api/3/priority/3",
          "iconUrl": "https://mundotango.atlassian.net/images/icons/priorities/medium_new.svg",
          "name": "Medium",
          "id": "3"
        },
        "updated": "2025-10-10T20:12:04.713-0300",
        "customfield_10014": "MUN-3",
        "status": {
          "self": "https://mundotango.atlassian.net/rest/api/3/status/10002",
          "description": "",
          "iconUrl": "https://mundotango.atlassian.net/images/icons/status_generic.gif",
          "name": "To Do",
          "id": "10002",
          "statusCategory": {
            "self": "https://mundotango.atlassian.net/rest/api/3/statuscategory/2",
            "id": 2,
            "key": "new",
            "colorName": "blue-gray",
            "name": "To Do"
          }
        },
        "labels": [
          "analysis",
          "prioritization",
          "reporting"
        ]
      }
    },
    {
      "expand": "renderedFields,names,schema,operations,editmeta,changelog,versionedRepresentations",
      "id": "10011",
      "self": "https://mundotango.atlassian.net/rest/api/3/issue/10011",
      "key": "MUN-12",
      "fields": {
        "summary": "Story 3.2: Automated Audit Script",
        "issuetype": {
          "self": "https://mundotango.atlassian.net/rest/api/3/issuetype/10034",
          "id": "10034",
          "description": "Functionality or a feature expressed as a user goal.",
          "iconUrl": "https://mundotango.atlassian.net/rest/api/2/universal_avatar/view/type/issuetype/avatar/10315?size=medium",
          "name": "Story",
          "subtask": false,
          "avatarId": 10315,
          "hierarchyLevel": 0
        },
        "parent": {
          "id": "10002",
          "key": "MUN-3",
          "self": "https://mundotango.atlassian.net/rest/api/3/issue/10002",
          "fields": {
            "summary": "EPIC 3: Baseline Audit & Discovery",
            "status": {
              "self": "https://mundotango.atlassian.net/rest/api/3/status/10002",
              "description": "",
              "iconUrl": "https://mundotango.atlassian.net/images/icons/status_generic.gif",
              "name": "To Do",
              "id": "10002",
              "statusCategory": {
                "self": "https://mundotango.atlassian.net/rest/api/3/statuscategory/2",
                "id": 2,
                "key": "new",
                "colorName": "blue-gray",
                "name": "To Do"
              }
            },
            "priority": {
              "self": "https://mundotango.atlassian.net/rest/api/3/priority/3",
              "iconUrl": "https://mundotango.atlassian.net/images/icons/priorities/medium_new.svg",
              "name": "Medium",
              "id": "3"
            },
            "issuetype": {
              "self": "https://mundotango.atlassian.net/rest/api/3/issuetype/10000",
              "id": "10000",
              "description": "A big user story that needs to be broken down. Created by Jira Software - do not edit or delete.",
              "iconUrl": "https://mundotango.atlassian.net/images/icons/issuetypes/epic.svg",
              "name": "Epic",
              "subtask": false,
              "hierarchyLevel": 1
            }
          }
        },
        "created": "2025-10-10T20:12:03.860-0300",
        "description": {
          "type": "doc",
          "version": 1,
          "content": [
            {
              "type": "paragraph",
              "content": [
                {
                  "type": "text",
                  "text": "Create comprehensive audit script scanning 97 pages for 6 quality categories.\n\n**File:** scripts/audit/baseline-audit.ts\n**Status:** DONE ✅\n\n**Discovered:** 314 issues (0 critical, 116 high, 92 medium, 106 low)\n**Coverage Gaps:** Data-testid 37%, ARIA 43%, Error Boundaries 5%, SEO 6%"
                }
              ]
            }
          ]
        },
        "reporter": {
          "self": "https://mundotango.atlassian.net/rest/api/3/user?accountId=712020%3A9d05ddb6-6c02-4556-9338-4091c9755e09",
          "accountId": "712020:9d05ddb6-6c02-4556-9338-4091c9755e09",
          "emailAddress": "admin@mundotango.life",
          "avatarUrls": {
            "48x48": "https://secure.gravatar.com/avatar/97af410a5e57e70c7b228e9b3eecd9fa?d=https%3A%2F%2Favatar-management--avatars.us-west-2.prod.public.atl-paas.net%2Finitials%2FAM-4.png",
            "24x24": "https://secure.gravatar.com/avatar/97af410a5e57e70c7b228e9b3eecd9fa?d=https%3A%2F%2Favatar-management--avatars.us-west-2.prod.public.atl-paas.net%2Finitials%2FAM-4.png",
            "16x16": "https://secure.gravatar.com/avatar/97af410a5e57e70c7b228e9b3eecd9fa?d=https%3A%2F%2Favatar-management--avatars.us-west-2.prod.public.atl-paas.net%2Finitials%2FAM-4.png",
            "32x32": "https://secure.gravatar.com/avatar/97af410a5e57e70c7b228e9b3eecd9fa?d=https%3A%2F%2Favatar-management--avatars.us-west-2.prod.public.atl-paas.net%2Finitials%2FAM-4.png"
          },
          "displayName": "admin mundotango",
          "active": true,
          "timeZone": "America/Buenos_Aires",
          "accountType": "atlassian"
        },
        "assignee": null,
        "priority": {
          "self": "https://mundotango.atlassian.net/rest/api/3/priority/3",
          "iconUrl": "https://mundotango.atlassian.net/images/icons/priorities/medium_new.svg",
          "name": "Medium",
          "id": "3"
        },
        "updated": "2025-10-10T20:12:03.947-0300",
        "customfield_10014": "MUN-3",
        "status": {
          "self": "https://mundotango.atlassian.net/rest/api/3/status/10002",
          "description": "",
          "iconUrl": "https://mundotango.atlassian.net/images/icons/status_generic.gif",
          "name": "To Do",
          "id": "10002",
          "statusCategory": {
            "self": "https://mundotango.atlassian.net/rest/api/3/statuscategory/2",
            "id": 2,
            "key": "new",
            "colorName": "blue-gray",
            "name": "To Do"
          }
        },
        "labels": [
          "audit",
          "automation",
          "quality-check"
        ]
      }
    },
    {
      "expand": "renderedFields,names,schema,operations,editmeta,changelog,versionedRepresentations",
      "id": "10010",
      "self": "https://mundotango.atlassian.net/rest/api/3/issue/10010",
      "key": "MUN-11",
      "fields": {
        "summary": "Story 3.1: Page Registry Sync",
        "issuetype": {
          "self": "https://mundotango.atlassian.net/rest/api/3/issuetype/10034",
          "id": "10034",
          "description": "Functionality or a feature expressed as a user goal.",
          "iconUrl": "https://mundotango.atlassian.net/rest/api/2/universal_avatar/view/type/issuetype/avatar/10315?size=medium",
          "name": "Story",
          "subtask": false,
          "avatarId": 10315,
          "hierarchyLevel": 0
        },
        "parent": {
          "id": "10002",
          "key": "MUN-3",
          "self": "https://mundotango.atlassian.net/rest/api/3/issue/10002",
          "fields": {
            "summary": "EPIC 3: Baseline Audit & Discovery",
            "status": {
              "self": "https://mundotango.atlassian.net/rest/api/3/status/10002",
              "description": "",
              "iconUrl": "https://mundotango.atlassian.net/images/icons/status_generic.gif",
              "name": "To Do",
              "id": "10002",
              "statusCategory": {
                "self": "https://mundotango.atlassian.net/rest/api/3/statuscategory/2",
                "id": 2,
                "key": "new",
                "colorName": "blue-gray",
                "name": "To Do"
              }
            },
            "priority": {
              "self": "https://mundotango.atlassian.net/rest/api/3/priority/3",
              "iconUrl": "https://mundotango.atlassian.net/images/icons/priorities/medium_new.svg",
              "name": "Medium",
              "id": "3"
            },
            "issuetype": {
              "self": "https://mundotango.atlassian.net/rest/api/3/issuetype/10000",
              "id": "10000",
              "description": "A big user story that needs to be broken down. Created by Jira Software - do not edit or delete.",
              "iconUrl": "https://mundotango.atlassian.net/images/icons/issuetypes/epic.svg",
              "name": "Epic",
              "subtask": false,
              "hierarchyLevel": 1
            }
          }
        },
        "created": "2025-10-10T20:12:03.187-0300",
        "description": {
          "type": "doc",
          "version": 1,
          "content": [
            {
              "type": "paragraph",
              "content": [
                {
                  "type": "text",
                  "text": "Sync 6 certified pages with audit history and quality scores.\n\n**File:** docs/pages/page-audit-registry.json\n**Status:** DONE ✅\n\n**Synced Pages:**\n- [x] Housing Marketplace (88)\n- [x] Auth Login (82)\n- [x] Profile (85)\n- [x] Home Dashboard (78)\n- [x] Life CEO Enhanced (85)\n- [x] Groups (82)"
                }
              ]
            }
          ]
        },
        "reporter": {
          "self": "https://mundotango.atlassian.net/rest/api/3/user?accountId=712020%3A9d05ddb6-6c02-4556-9338-4091c9755e09",
          "accountId": "712020:9d05ddb6-6c02-4556-9338-4091c9755e09",
          "emailAddress": "admin@mundotango.life",
          "avatarUrls": {
            "48x48": "https://secure.gravatar.com/avatar/97af410a5e57e70c7b228e9b3eecd9fa?d=https%3A%2F%2Favatar-management--avatars.us-west-2.prod.public.atl-paas.net%2Finitials%2FAM-4.png",
            "24x24": "https://secure.gravatar.com/avatar/97af410a5e57e70c7b228e9b3eecd9fa?d=https%3A%2F%2Favatar-management--avatars.us-west-2.prod.public.atl-paas.net%2Finitials%2FAM-4.png",
            "16x16": "https://secure.gravatar.com/avatar/97af410a5e57e70c7b228e9b3eecd9fa?d=https%3A%2F%2Favatar-management--avatars.us-west-2.prod.public.atl-paas.net%2Finitials%2FAM-4.png",
            "32x32": "https://secure.gravatar.com/avatar/97af410a5e57e70c7b228e9b3eecd9fa?d=https%3A%2F%2Favatar-management--avatars.us-west-2.prod.public.atl-paas.net%2Finitials%2FAM-4.png"
          },
          "displayName": "admin mundotango",
          "active": true,
          "timeZone": "America/Buenos_Aires",
          "accountType": "atlassian"
        },
        "assignee": null,
        "priority": {
          "self": "https://mundotango.atlassian.net/rest/api/3/priority/3",
          "iconUrl": "https://mundotango.atlassian.net/images/icons/priorities/medium_new.svg",
          "name": "Medium",
          "id": "3"
        },
        "updated": "2025-10-10T20:12:03.269-0300",
        "customfield_10014": "MUN-3",
        "status": {
          "self": "https://mundotango.atlassian.net/rest/api/3/status/10002",
          "description": "",
          "iconUrl": "https://mundotango.atlassian.net/images/icons/status_generic.gif",
          "name": "To Do",
          "id": "10002",
          "statusCategory": {
            "self": "https://mundotango.atlassian.net/rest/api/3/statuscategory/2",
            "id": 2,
            "key": "new",
            "colorName": "blue-gray",
            "name": "To Do"
          }
        },
        "labels": [
          "audit",
          "baseline",
          "registry"
        ]
      }
    },
    {
      "expand": "renderedFields,names,schema,operations,editmeta,changelog,versionedRepresentations",
      "id": "10009",
      "self": "https://mundotango.atlassian.net/rest/api/3/issue/10009",
      "key": "MUN-10",
      "fields": {
        "summary": "Story 2.2: BullMQ Task Coordination",
        "issuetype": {
          "self": "https://mundotango.atlassian.net/rest/api/3/issuetype/10034",
          "id": "10034",
          "description": "Functionality or a feature expressed as a user goal.",
          "iconUrl": "https://mundotango.atlassian.net/rest/api/2/universal_avatar/view/type/issuetype/avatar/10315?size=medium",
          "name": "Story",
          "subtask": false,
          "avatarId": 10315,
          "hierarchyLevel": 0
        },
        "parent": {
          "id": "10001",
          "key": "MUN-2",
          "self": "https://mundotango.atlassian.net/rest/api/3/issue/10001",
          "fields": {
            "summary": "EPIC 2: Technical Infrastructure",
            "status": {
              "self": "https://mundotango.atlassian.net/rest/api/3/status/10002",
              "description": "",
              "iconUrl": "https://mundotango.atlassian.net/images/icons/status_generic.gif",
              "name": "To Do",
              "id": "10002",
              "statusCategory": {
                "self": "https://mundotango.atlassian.net/rest/api/3/statuscategory/2",
                "id": 2,
                "key": "new",
                "colorName": "blue-gray",
                "name": "To Do"
              }
            },
            "priority": {
              "self": "https://mundotango.atlassian.net/rest/api/3/priority/3",
              "iconUrl": "https://mundotango.atlassian.net/images/icons/priorities/medium_new.svg",
              "name": "Medium",
              "id": "3"
            },
            "issuetype": {
              "self": "https://mundotango.atlassian.net/rest/api/3/issuetype/10000",
              "id": "10000",
              "description": "A big user story that needs to be broken down. Created by Jira Software - do not edit or delete.",
              "iconUrl": "https://mundotango.atlassian.net/images/icons/issuetypes/epic.svg",
              "name": "Epic",
              "subtask": false,
              "hierarchyLevel": 1
            }
          }
        },
        "created": "2025-10-10T20:12:02.400-0300",
        "description": {
          "type": "doc",
          "version": 1,
          "content": [
            {
              "type": "paragraph",
              "content": [
                {
                  "type": "text",
                  "text": "Setup 6 task queues with graceful shutdown and Redis safety checks.\n\n**File:** server/lib/bullmq-config.ts\n**Status:** DONE ✅\n\n**Configured:**\n- [x] 6 isolated queues (email, image, analytics, notifications, dataSync, metrics)\n- [x] Graceful shutdown with Redis safety\n- [x] Queue event monitoring\n- [x] Retry logic (exponential backoff)\n- [x] Zero LSP errors"
                }
              ]
            }
          ]
        },
        "reporter": {
          "self": "https://mundotango.atlassian.net/rest/api/3/user?accountId=712020%3A9d05ddb6-6c02-4556-9338-4091c9755e09",
          "accountId": "712020:9d05ddb6-6c02-4556-9338-4091c9755e09",
          "emailAddress": "admin@mundotango.life",
          "avatarUrls": {
            "48x48": "https://secure.gravatar.com/avatar/97af410a5e57e70c7b228e9b3eecd9fa?d=https%3A%2F%2Favatar-management--avatars.us-west-2.prod.public.atl-paas.net%2Finitials%2FAM-4.png",
            "24x24": "https://secure.gravatar.com/avatar/97af410a5e57e70c7b228e9b3eecd9fa?d=https%3A%2F%2Favatar-management--avatars.us-west-2.prod.public.atl-paas.net%2Finitials%2FAM-4.png",
            "16x16": "https://secure.gravatar.com/avatar/97af410a5e57e70c7b228e9b3eecd9fa?d=https%3A%2F%2Favatar-management--avatars.us-west-2.prod.public.atl-paas.net%2Finitials%2FAM-4.png",
            "32x32": "https://secure.gravatar.com/avatar/97af410a5e57e70c7b228e9b3eecd9fa?d=https%3A%2F%2Favatar-management--avatars.us-west-2.prod.public.atl-paas.net%2Finitials%2FAM-4.png"
          },
          "displayName": "admin mundotango",
          "active": true,
          "timeZone": "America/Buenos_Aires",
          "accountType": "atlassian"
        },
        "assignee": null,
        "priority": {
          "self": "https://mundotango.atlassian.net/rest/api/3/priority/3",
          "iconUrl": "https://mundotango.atlassian.net/images/icons/priorities/medium_new.svg",
          "name": "Medium",
          "id": "3"
        },
        "updated": "2025-10-10T20:12:02.584-0300",
        "customfield_10014": "MUN-2",
        "status": {
          "self": "https://mundotango.atlassian.net/rest/api/3/status/10002",
          "description": "",
          "iconUrl": "https://mundotango.atlassian.net/images/icons/status_generic.gif",
          "name": "To Do",
          "id": "10002",
          "statusCategory": {
            "self": "https://mundotango.atlassian.net/rest/api/3/statuscategory/2",
            "id": 2,
            "key": "new",
            "colorName": "blue-gray",
            "name": "To Do"
          }
        },
        "labels": [
          "bullmq",
          "infrastructure",
          "task-queue"
        ]
      }
    },
    {
      "expand": "renderedFields,names,schema,operations,editmeta,changelog,versionedRepresentations",
      "id": "10008",
      "self": "https://mundotango.atlassian.net/rest/api/3/issue/10008",
      "key": "MUN-9",
      "fields": {
        "summary": "Story 2.1: LangGraph Agent Orchestration",
        "issuetype": {
          "self": "https://mundotango.atlassian.net/rest/api/3/issuetype/10034",
          "id": "10034",
          "description": "Functionality or a feature expressed as a user goal.",
          "iconUrl": "https://mundotango.atlassian.net/rest/api/2/universal_avatar/view/type/issuetype/avatar/10315?size=medium",
          "name": "Story",
          "subtask": false,
          "avatarId": 10315,
          "hierarchyLevel": 0
        },
        "parent": {
          "id": "10001",
          "key": "MUN-2",
          "self": "https://mundotango.atlassian.net/rest/api/3/issue/10001",
          "fields": {
            "summary": "EPIC 2: Technical Infrastructure",
            "status": {
              "self": "https://mundotango.atlassian.net/rest/api/3/status/10002",
              "description": "",
              "iconUrl": "https://mundotango.atlassian.net/images/icons/status_generic.gif",
              "name": "To Do",
              "id": "10002",
              "statusCategory": {
                "self": "https://mundotango.atlassian.net/rest/api/3/statuscategory/2",
                "id": 2,
                "key": "new",
                "colorName": "blue-gray",
                "name": "To Do"
              }
            },
            "priority": {
              "self": "https://mundotango.atlassian.net/rest/api/3/priority/3",
              "iconUrl": "https://mundotango.atlassian.net/images/icons/priorities/medium_new.svg",
              "name": "Medium",
              "id": "3"
            },
            "issuetype": {
              "self": "https://mundotango.atlassian.net/rest/api/3/issuetype/10000",
              "id": "10000",
              "description": "A big user story that needs to be broken down. Created by Jira Software - do not edit or delete.",
              "iconUrl": "https://mundotango.atlassian.net/images/icons/issuetypes/epic.svg",
              "name": "Epic",
              "subtask": false,
              "hierarchyLevel": 1
            }
          }
        },
        "created": "2025-10-10T20:12:01.561-0300",
        "description": {
          "type": "doc",
          "version": 1,
          "content": [
            {
              "type": "paragraph",
              "content": [
                {
                  "type": "text",
                  "text": "Build executable graph for 100-agent ESA hierarchy with hierarchical routing.\n\n**File:** server/services/LangGraphAgentOrchestrator.ts\n**Status:** DONE ✅\n\n**Implemented:**\n- [x] 100-agent structure (1 CEO + 6 Chiefs + 9 Domains + 61 Layers + 7 Experts + 16 Life CEO)\n- [x] Hierarchical routing (CEO → Chiefs by layer range)\n- [x] State management (MemorySaver checkpoints)\n- [x] Conditional edges (task-based routing)\n- [x] Zero LSP errors"
                }
              ]
            }
          ]
        },
        "reporter": {
          "self": "https://mundotango.atlassian.net/rest/api/3/user?accountId=712020%3A9d05ddb6-6c02-4556-9338-4091c9755e09",
          "accountId": "712020:9d05ddb6-6c02-4556-9338-4091c9755e09",
          "emailAddress": "admin@mundotango.life",
          "avatarUrls": {
            "48x48": "https://secure.gravatar.com/avatar/97af410a5e57e70c7b228e9b3eecd9fa?d=https%3A%2F%2Favatar-management--avatars.us-west-2.prod.public.atl-paas.net%2Finitials%2FAM-4.png",
            "24x24": "https://secure.gravatar.com/avatar/97af410a5e57e70c7b228e9b3eecd9fa?d=https%3A%2F%2Favatar-management--avatars.us-west-2.prod.public.atl-paas.net%2Finitials%2FAM-4.png",
            "16x16": "https://secure.gravatar.com/avatar/97af410a5e57e70c7b228e9b3eecd9fa?d=https%3A%2F%2Favatar-management--avatars.us-west-2.prod.public.atl-paas.net%2Finitials%2FAM-4.png",
            "32x32": "https://secure.gravatar.com/avatar/97af410a5e57e70c7b228e9b3eecd9fa?d=https%3A%2F%2Favatar-management--avatars.us-west-2.prod.public.atl-paas.net%2Finitials%2FAM-4.png"
          },
          "displayName": "admin mundotango",
          "active": true,
          "timeZone": "America/Buenos_Aires",
          "accountType": "atlassian"
        },
        "assignee": null,
        "priority": {
          "self": "https://mundotango.atlassian.net/rest/api/3/priority/3",
          "iconUrl": "https://mundotango.atlassian.net/images/icons/priorities/medium_new.svg",
          "name": "Medium",
          "id": "3"
        },
        "updated": "2025-10-10T20:12:01.717-0300",
        "customfield_10014": "MUN-2",
        "status": {
          "self": "https://mundotango.atlassian.net/rest/api/3/status/10002",
          "description": "",
          "iconUrl": "https://mundotango.atlassian.net/images/icons/status_generic.gif",
          "name": "To Do",
          "id": "10002",
          "statusCategory": {
            "self": "https://mundotango.atlassian.net/rest/api/3/statuscategory/2",
            "id": 2,
            "key": "new",
            "colorName": "blue-gray",
            "name": "To Do"
          }
        },
        "labels": [
          "infrastructure",
          "langgraph",
          "orchestration"
        ]
      }
    },
    {
      "expand": "renderedFields,names,schema,operations,editmeta,changelog,versionedRepresentations",
      "id": "10007",
      "self": "https://mundotango.atlassian.net/rest/api/3/issue/10007",
      "key": "MUN-8",
      "fields": {
        "summary": "Story 1.3: A2A Performance Tracking",
        "issuetype": {
          "self": "https://mundotango.atlassian.net/rest/api/3/issuetype/10034",
          "id": "10034",
          "description": "Functionality or a feature expressed as a user goal.",
          "iconUrl": "https://mundotango.atlassian.net/rest/api/2/universal_avatar/view/type/issuetype/avatar/10315?size=medium",
          "name": "Story",
          "subtask": false,
          "avatarId": 10315,
          "hierarchyLevel": 0
        },
        "parent": {
          "id": "10000",
          "key": "MUN-1",
          "self": "https://mundotango.atlassian.net/rest/api/3/issue/10000",
          "fields": {
            "summary": "EPIC 1: Documentation Infrastructure",
            "status": {
              "self": "https://mundotango.atlassian.net/rest/api/3/status/10002",
              "description": "",
              "iconUrl": "https://mundotango.atlassian.net/images/icons/status_generic.gif",
              "name": "To Do",
              "id": "10002",
              "statusCategory": {
                "self": "https://mundotango.atlassian.net/rest/api/3/statuscategory/2",
                "id": 2,
                "key": "new",
                "colorName": "blue-gray",
                "name": "To Do"
              }
            },
            "priority": {
              "self": "https://mundotango.atlassian.net/rest/api/3/priority/3",
              "iconUrl": "https://mundotango.atlassian.net/images/icons/priorities/medium_new.svg",
              "name": "Medium",
              "id": "3"
            },
            "issuetype": {
              "self": "https://mundotango.atlassian.net/rest/api/3/issuetype/10000",
              "id": "10000",
              "description": "A big user story that needs to be broken down. Created by Jira Software - do not edit or delete.",
              "iconUrl": "https://mundotango.atlassian.net/images/icons/issuetypes/epic.svg",
              "name": "Epic",
              "subtask": false,
              "hierarchyLevel": 1
            }
          }
        },
        "created": "2025-10-10T20:12:00.863-0300",
        "description": {
          "type": "doc",
          "version": 1,
          "content": [
            {
              "type": "paragraph",
              "content": [
                {
                  "type": "text",
                  "text": "Implement real-time agent performance monitoring with Prometheus, BullMQ, and LangGraph.\n\n**File:** docs/platform-handoff/ESA_AGENT_A2A_PROTOCOL.md\n**Status:** DONE ✅\n\n**Integrated:**\n- [x] Prometheus metrics (prom-client)\n- [x] BullMQ job tracking\n- [x] LangGraph state monitoring\n- [x] Real-time dashboard (/admin/agent-metrics)"
                }
              ]
            }
          ]
        },
        "reporter": {
          "self": "https://mundotango.atlassian.net/rest/api/3/user?accountId=712020%3A9d05ddb6-6c02-4556-9338-4091c9755e09",
          "accountId": "712020:9d05ddb6-6c02-4556-9338-4091c9755e09",
          "emailAddress": "admin@mundotango.life",
          "avatarUrls": {
            "48x48": "https://secure.gravatar.com/avatar/97af410a5e57e70c7b228e9b3eecd9fa?d=https%3A%2F%2Favatar-management--avatars.us-west-2.prod.public.atl-paas.net%2Finitials%2FAM-4.png",
            "24x24": "https://secure.gravatar.com/avatar/97af410a5e57e70c7b228e9b3eecd9fa?d=https%3A%2F%2Favatar-management--avatars.us-west-2.prod.public.atl-paas.net%2Finitials%2FAM-4.png",
            "16x16": "https://secure.gravatar.com/avatar/97af410a5e57e70c7b228e9b3eecd9fa?d=https%3A%2F%2Favatar-management--avatars.us-west-2.prod.public.atl-paas.net%2Finitials%2FAM-4.png",
            "32x32": "https://secure.gravatar.com/avatar/97af410a5e57e70c7b228e9b3eecd9fa?d=https%3A%2F%2Favatar-management--avatars.us-west-2.prod.public.atl-paas.net%2Finitials%2FAM-4.png"
          },
          "displayName": "admin mundotango",
          "active": true,
          "timeZone": "America/Buenos_Aires",
          "accountType": "atlassian"
        },
        "assignee": null,
        "priority": {
          "self": "https://mundotango.atlassian.net/rest/api/3/priority/3",
          "iconUrl": "https://mundotango.atlassian.net/images/icons/priorities/medium_new.svg",
          "name": "Medium",
          "id": "3"
        },
        "updated": "2025-10-10T20:12:00.953-0300",
        "customfield_10014": "MUN-1",
        "status": {
          "self": "https://mundotango.atlassian.net/rest/api/3/status/10002",
          "description": "",
          "iconUrl": "https://mundotango.atlassian.net/images/icons/status_generic.gif",
          "name": "To Do",
          "id": "10002",
          "statusCategory": {
            "self": "https://mundotango.atlassian.net/rest/api/3/statuscategory/2",
            "id": 2,
            "key": "new",
            "colorName": "blue-gray",
            "name": "To Do"
          }
        },
        "labels": [
          "metrics",
          "monitoring",
          "performance"
        ]
      }
    },
    {
      "expand": "renderedFields,names,schema,operations,editmeta,changelog,versionedRepresentations",
      "id": "10006",
      "self": "https://mundotango.atlassian.net/rest/api/3/issue/10006",
      "key": "MUN-7",
      "fields": {
        "summary": "Story 1.2: Resume AI Integration",
        "issuetype": {
          "self": "https://mundotango.atlassian.net/rest/api/3/issuetype/10034",
          "id": "10034",
          "description": "Functionality or a feature expressed as a user goal.",
          "iconUrl": "https://mundotango.atlassian.net/rest/api/2/universal_avatar/view/type/issuetype/avatar/10315?size=medium",
          "name": "Story",
          "subtask": false,
          "avatarId": 10315,
          "hierarchyLevel": 0
        },
        "parent": {
          "id": "10000",
          "key": "MUN-1",
          "self": "https://mundotango.atlassian.net/rest/api/3/issue/10000",
          "fields": {
            "summary": "EPIC 1: Documentation Infrastructure",
            "status": {
              "self": "https://mundotango.atlassian.net/rest/api/3/status/10002",
              "description": "",
              "iconUrl": "https://mundotango.atlassian.net/images/icons/status_generic.gif",
              "name": "To Do",
              "id": "10002",
              "statusCategory": {
                "self": "https://mundotango.atlassian.net/rest/api/3/statuscategory/2",
                "id": 2,
                "key": "new",
                "colorName": "blue-gray",
                "name": "To Do"
              }
            },
            "priority": {
              "self": "https://mundotango.atlassian.net/rest/api/3/priority/3",
              "iconUrl": "https://mundotango.atlassian.net/images/icons/priorities/medium_new.svg",
              "name": "Medium",
              "id": "3"
            },
            "issuetype": {
              "self": "https://mundotango.atlassian.net/rest/api/3/issuetype/10000",
              "id": "10000",
              "description": "A big user story that needs to be broken down. Created by Jira Software - do not edit or delete.",
              "iconUrl": "https://mundotango.atlassian.net/images/icons/issuetypes/epic.svg",
              "name": "Epic",
              "subtask": false,
              "hierarchyLevel": 1
            }
          }
        },
        "created": "2025-10-10T20:12:00.164-0300",
        "description": {
          "type": "doc",
          "version": 1,
          "content": [
            {
              "type": "paragraph",
              "content": [
                {
                  "type": "text",
                  "text": "Create Agent #62 (Resume AI) for human review workflow and Jira project management.\n\n**Files:** \n- docs/platform-handoff/esa.md\n- docs/platform-handoff/ESA_AGENT_RESUME_AI.md\n- docs/jira-project-plan.md\n\n**Status:** DONE ✅\n\n**Created:**\n- [x] Agent #62 following ESA_NEW_AGENT_GUIDE.md\n- [x] Human review workflow\n- [x] Jira integration architecture\n- [x] Performance metrics structure\n- [x] Quality control checkpoints"
                }
              ]
            }
          ]
        },
        "reporter": {
          "self": "https://mundotango.atlassian.net/rest/api/3/user?accountId=712020%3A9d05ddb6-6c02-4556-9338-4091c9755e09",
          "accountId": "712020:9d05ddb6-6c02-4556-9338-4091c9755e09",
          "emailAddress": "admin@mundotango.life",
          "avatarUrls": {
            "48x48": "https://secure.gravatar.com/avatar/97af410a5e57e70c7b228e9b3eecd9fa?d=https%3A%2F%2Favatar-management--avatars.us-west-2.prod.public.atl-paas.net%2Finitials%2FAM-4.png",
            "24x24": "https://secure.gravatar.com/avatar/97af410a5e57e70c7b228e9b3eecd9fa?d=https%3A%2F%2Favatar-management--avatars.us-west-2.prod.public.atl-paas.net%2Finitials%2FAM-4.png",
            "16x16": "https://secure.gravatar.com/avatar/97af410a5e57e70c7b228e9b3eecd9fa?d=https%3A%2F%2Favatar-management--avatars.us-west-2.prod.public.atl-paas.net%2Finitials%2FAM-4.png",
            "32x32": "https://secure.gravatar.com/avatar/97af410a5e57e70c7b228e9b3eecd9fa?d=https%3A%2F%2Favatar-management--avatars.us-west-2.prod.public.atl-paas.net%2Finitials%2FAM-4.png"
          },
          "displayName": "admin mundotango",
          "active": true,
          "timeZone": "America/Buenos_Aires",
          "accountType": "atlassian"
        },
        "assignee": null,
        "priority": {
          "self": "https://mundotango.atlassian.net/rest/api/3/priority/3",
          "iconUrl": "https://mundotango.atlassian.net/images/icons/priorities/medium_new.svg",
          "name": "Medium",
          "id": "3"
        },
        "updated": "2025-10-10T20:12:00.258-0300",
        "customfield_10014": "MUN-1",
        "status": {
          "self": "https://mundotango.atlassian.net/rest/api/3/status/10002",
          "description": "",
          "iconUrl": "https://mundotango.atlassian.net/images/icons/status_generic.gif",
          "name": "To Do",
          "id": "10002",
          "statusCategory": {
            "self": "https://mundotango.atlassian.net/rest/api/3/statuscategory/2",
            "id": 2,
            "key": "new",
            "colorName": "blue-gray",
            "name": "To Do"
          }
        },
        "labels": [
          "agent-62",
          "jira-integration",
          "resume-ai"
        ]
      }
    },
    {
      "expand": "renderedFields,names,schema,operations,editmeta,changelog,versionedRepresentations",
      "id": "10005",
      "self": "https://mundotango.atlassian.net/rest/api/3/issue/10005",
      "key": "MUN-6",
      "fields": {
        "summary": "Story 1.1: Hierarchical Mentorship Model",
        "issuetype": {
          "self": "https://mundotango.atlassian.net/rest/api/3/issuetype/10034",
          "id": "10034",
          "description": "Functionality or a feature expressed as a user goal.",
          "iconUrl": "https://mundotango.atlassian.net/rest/api/2/universal_avatar/view/type/issuetype/avatar/10315?size=medium",
          "name": "Story",
          "subtask": false,
          "avatarId": 10315,
          "hierarchyLevel": 0
        },
        "parent": {
          "id": "10000",
          "key": "MUN-1",
          "self": "https://mundotango.atlassian.net/rest/api/3/issue/10000",
          "fields": {
            "summary": "EPIC 1: Documentation Infrastructure",
            "status": {
              "self": "https://mundotango.atlassian.net/rest/api/3/status/10002",
              "description": "",
              "iconUrl": "https://mundotango.atlassian.net/images/icons/status_generic.gif",
              "name": "To Do",
              "id": "10002",
              "statusCategory": {
                "self": "https://mundotango.atlassian.net/rest/api/3/statuscategory/2",
                "id": 2,
                "key": "new",
                "colorName": "blue-gray",
                "name": "To Do"
              }
            },
            "priority": {
              "self": "https://mundotango.atlassian.net/rest/api/3/priority/3",
              "iconUrl": "https://mundotango.atlassian.net/images/icons/priorities/medium_new.svg",
              "name": "Medium",
              "id": "3"
            },
            "issuetype": {
              "self": "https://mundotango.atlassian.net/rest/api/3/issuetype/10000",
              "id": "10000",
              "description": "A big user story that needs to be broken down. Created by Jira Software - do not edit or delete.",
              "iconUrl": "https://mundotango.atlassian.net/images/icons/issuetypes/epic.svg",
              "name": "Epic",
              "subtask": false,
              "hierarchyLevel": 1
            }
          }
        },
        "created": "2025-10-10T20:11:59.510-0300",
        "description": {
          "type": "doc",
          "version": 1,
          "content": [
            {
              "type": "paragraph",
              "content": [
                {
                  "type": "text",
                  "text": "Document 5-level training cascade enabling 14 certified agents → 40+ new agents in 4-5 days.\n\n**File:** docs/platform-handoff/ESA_NEW_AGENT_GUIDE.md\n**Status:** DONE ✅\n\n**Tasks Completed:**\n- [x] 5-level cascade (CEO → Chiefs → Domains → Layers → New)\n- [x] Peer mentoring (Level 4 - most effective)\n- [x] 4-5 day certification (480x faster than bootcamps)\n- [x] Exponential scaling (14 → 40+ agents)"
                }
              ]
            }
          ]
        },
        "reporter": {
          "self": "https://mundotango.atlassian.net/rest/api/3/user?accountId=712020%3A9d05ddb6-6c02-4556-9338-4091c9755e09",
          "accountId": "712020:9d05ddb6-6c02-4556-9338-4091c9755e09",
          "emailAddress": "admin@mundotango.life",
          "avatarUrls": {
            "48x48": "https://secure.gravatar.com/avatar/97af410a5e57e70c7b228e9b3eecd9fa?d=https%3A%2F%2Favatar-management--avatars.us-west-2.prod.public.atl-paas.net%2Finitials%2FAM-4.png",
            "24x24": "https://secure.gravatar.com/avatar/97af410a5e57e70c7b228e9b3eecd9fa?d=https%3A%2F%2Favatar-management--avatars.us-west-2.prod.public.atl-paas.net%2Finitials%2FAM-4.png",
            "16x16": "https://secure.gravatar.com/avatar/97af410a5e57e70c7b228e9b3eecd9fa?d=https%3A%2F%2Favatar-management--avatars.us-west-2.prod.public.atl-paas.net%2Finitials%2FAM-4.png",
            "32x32": "https://secure.gravatar.com/avatar/97af410a5e57e70c7b228e9b3eecd9fa?d=https%3A%2F%2Favatar-management--avatars.us-west-2.prod.public.atl-paas.net%2Finitials%2FAM-4.png"
          },
          "displayName": "admin mundotango",
          "active": true,
          "timeZone": "America/Buenos_Aires",
          "accountType": "atlassian"
        },
        "assignee": null,
        "priority": {
          "self": "https://mundotango.atlassian.net/rest/api/3/priority/3",
          "iconUrl": "https://mundotango.atlassian.net/images/icons/priorities/medium_new.svg",
          "name": "Medium",
          "id": "3"
        },
        "updated": "2025-10-10T20:11:59.603-0300",
        "customfield_10014": "MUN-1",
        "status": {
          "self": "https://mundotango.atlassian.net/rest/api/3/status/10002",
          "description": "",
          "iconUrl": "https://mundotango.atlassian.net/images/icons/status_generic.gif",
          "name": "To Do",
          "id": "10002",
          "statusCategory": {
            "self": "https://mundotango.atlassian.net/rest/api/3/statuscategory/2",
            "id": 2,
            "key": "new",
            "colorName": "blue-gray",
            "name": "To Do"
          }
        },
        "labels": [
          "documentation",
          "mentorship",
          "training"
        ]
      }
    }
  ]
}