{
  "lighthouse": {
    "avgPerformance": 94,
    "avgAccessibility": 94,
    "criticalIssues": 2,
    "lastRun": "2025-10-09T07:41:47.341Z"
  },
  "bundleSize": {
    "totalSize": 545000,
    "totalGzipSize": 195000,
    "changePercent": 0,
    "alerts": 0
  },
  "pageAudits": {
    "avgScore": 95,
    "totalPages": 100,
    "criticalIssues": 2
  },
  "overall": {
    "healthScore": 89,
    "status": "good",
    "recommendations": [
      "Fix 2 critical Lighthouse issues",
      "Fix 2 critical page audit issues",
      "Improve accessibility scores across all pages"
    ]
  },
  "timestamp": "2025-10-09T07:41:47.343Z"
}