{
  "summary": {
    "totalRecommendations": 4,
    "critical": 0,
    "high": 1,
    "medium": 1,
    "low": 2
  },
  "recommendations": [
    {
      "id": "REC-1",
      "priority": "high",
      "category": "security",
      "title": "Address 1 High-Severity Vulnerabilities",
      "description": "1 packages have high-severity issues. 1 can be fixed with upgrades",
      "impact": "Reduces security risk and improves platform safety",
      "effort": "low",
      "packages": [
        "lodash"
      ],
      "actions": [
        "npm install lodash@4.17.21"
      ],
      "estimatedSavings": {
        "securityRisk": "High risk reduction"
      }
    },
    {
      "id": "REC-2",
      "priority": "medium",
      "category": "maintainability",
      "title": "Review Uncategorized Dependencies",
      "description": "188 packages need categorization or removal",
      "impact": "Reduces dependency bloat and improves maintainability",
      "effort": "high",
      "packages": [
        "@arizeai/openinference-instrumentation-openai",
        "@arizeai/openinference-semantic-conventions",
        "@capacitor/android",
        "@capacitor/app",
        "@capacitor/browser"
      ],
      "actions": [
        "Audit each package usage",
        "Remove truly unused packages",
        "Document purpose of remaining packages"
      ],
      "estimatedSavings": {
        "maintenanceTime": "2-4 hours saved per sprint"
      }
    },
    {
      "id": "REC-3",
      "priority": "low",
      "category": "maintainability",
      "title": "Consolidate Duplicate Functionality",
      "description": "Found 1 cases of overlapping package functionality",
      "impact": "Simplifies codebase and reduces bundle size",
      "effort": "medium",
      "packages": [
        "date-fns",
        "moment"
      ],
      "actions": [
        "Standardize on date-fns (smaller, tree-shakeable)"
      ]
    },
    {
      "id": "REC-5",
      "priority": "low",
      "category": "maintainability",
      "title": "Complete ESA Layer Mapping",
      "description": "188 packages not mapped to ESA layers",
      "impact": "Improves architecture visibility and dependency management",
      "effort": "low",
      "packages": [],
      "actions": [
        "Update dependencyMapper.ts with ESA layer mappings",
        "Document package purposes in dependency registry"
      ]
    }
  ],
  "quickWins": [
    {
      "id": "REC-1",
      "priority": "high",
      "category": "security",
      "title": "Address 1 High-Severity Vulnerabilities",
      "description": "1 packages have high-severity issues. 1 can be fixed with upgrades",
      "impact": "Reduces security risk and improves platform safety",
      "effort": "low",
      "packages": [
        "lodash"
      ],
      "actions": [
        "npm install lodash@4.17.21"
      ],
      "estimatedSavings": {
        "securityRisk": "High risk reduction"
      }
    }
  ],
  "longTerm": [
    {
      "id": "REC-2",
      "priority": "medium",
      "category": "maintainability",
      "title": "Review Uncategorized Dependencies",
      "description": "188 packages need categorization or removal",
      "impact": "Reduces dependency bloat and improves maintainability",
      "effort": "high",
      "packages": [
        "@arizeai/openinference-instrumentation-openai",
        "@arizeai/openinference-semantic-conventions",
        "@capacitor/android",
        "@capacitor/app",
        "@capacitor/browser"
      ],
      "actions": [
        "Audit each package usage",
        "Remove truly unused packages",
        "Document purpose of remaining packages"
      ],
      "estimatedSavings": {
        "maintenanceTime": "2-4 hours saved per sprint"
      }
    },
    {
      "id": "REC-3",
      "priority": "low",
      "category": "maintainability",
      "title": "Consolidate Duplicate Functionality",
      "description": "Found 1 cases of overlapping package functionality",
      "impact": "Simplifies codebase and reduces bundle size",
      "effort": "medium",
      "packages": [
        "date-fns",
        "moment"
      ],
      "actions": [
        "Standardize on date-fns (smaller, tree-shakeable)"
      ]
    }
  ],
  "timestamp": "2025-10-09T07:18:40.499Z"
}