{
  "timestamp": "2025-10-14T08:48:53.826Z",
  "darkMode": {
    "coverage": "112/119",
    "percentage": 94,
    "tokenUsage": {
      "background": 534,
      "text": 1303,
      "border": 256,
      "total": 2093
    },
    "missingPages": [
      "client/src/pages/timeline-debug.tsx",
      "client/src/pages/GuestOnboarding.tsx",
      "client/src/pages/LifeCeoPerformance.tsx",
      "client/src/pages/invitations.tsx",
      "client/src/pages/timeline-minimal.tsx"
    ]
  },
  "visualRegression": {
    "criticalPages": [
      {
        "page": "/admin",
        "darkModeScore": 100,
        "contrastScore": 100,
        "passed": true
      },
      {
        "page": "/profile",
        "darkModeScore": 100,
        "contrastScore": 90,
        "passed": false
      },
      {
        "page": "/timeline",
        "darkModeScore": 85,
        "contrastScore": 100,
        "passed": false
      },
      {
        "page": "/events",
        "darkModeScore": 100,
        "contrastScore": 90,
        "passed": false
      },
      {
        "page": "/communities",
        "darkModeScore": 100,
        "contrastScore": 90,
        "passed": false
      },
      {
        "page": "/life-ceo",
        "darkModeScore": 100,
        "contrastScore": 100,
        "passed": true
      },
      {
        "page": "/mr-blue",
        "darkModeScore": 100,
        "contrastScore": 100,
        "passed": true
      }
    ],
    "passed": 3,
    "failed": 4
  }
}